product_external_id,channel_id,store_id,price
SKU-2000,CH-WEB,LOJA-WEB,645.93
SKU-2000,CH-APP,LOJA-01,626.55
SKU-2000,CH-APP,LOJA-02,632.82
SKU-2000,CH-APP,LOJA-03,620.29
SKU-2000,CH-FISICO,LOJA-01,658.85
SKU-2000,CH-FISICO,LOJA-02,665.44
SKU-2000,CH-FISICO,LOJA-03,652.26
SKU-2000,CH-FISICO,LOJA-04,672.03
SKU-2000,CH-FISICO,LOJA-05,645.67
SKU-2000,CH-TELEVENDAS,LOJA-TELEVENDAS,639.47
SKU-2001,CH-WEB,LOJA-WEB,110.44
SKU-2001,CH-APP,LOJA-01,107.13
SKU-2001,CH-APP,LOJA-02,108.2
SKU-2001,CH-APP,LOJA-03,106.06
SKU-2001,CH-FISICO,LOJA-01,112.65
SKU-2001,CH-FISICO,LOJA-02,113.78
SKU-2001,CH-FISICO,LOJA-03,111.52
SKU-2001,CH-FISICO,LOJA-04,114.9
SKU-2001,CH-FISICO,LOJA-05,110.4
SKU-2001,CH-TELEVENDAS,LOJA-TELEVENDAS,109.34
SKU-2002,CH-WEB,LOJA-WEB,194.99
SKU-2002,CH-APP,LOJA-01,189.14
SKU-2002,CH-APP,LOJA-02,191.03
SKU-2002,CH-APP,LOJA-03,187.25
SKU-2002,CH-FISICO,LOJA-01,198.89
SKU-2002,CH-FISICO,LOJA-02,200.88
SKU-2002,CH-FISICO,LOJA-03,196.9
SKU-2002,CH-FISICO,LOJA-04,202.87
SKU-2002,CH-FISICO,LOJA-05,194.91
SKU-2002,CH-TELEVENDAS,LOJA-TELEVENDAS,193.04
SKU-2003,CH-WEB,LOJA-WEB,45.19
SKU-2003,CH-APP,LOJA-01,43.83
SKU-2003,CH-APP,LOJA-02,44.27
SKU-2003,CH-APP,LOJA-03,43.4
SKU-2003,CH-FISICO,LOJA-01,46.09
SKU-2003,CH-FISICO,LOJA-02,46.55
SKU-2003,CH-FISICO,LOJA-03,45.63
SKU-2003,CH-FISICO,LOJA-04,47.02
SKU-2003,CH-FISICO,LOJA-05,45.17
SKU-2003,CH-TELEVENDAS,LOJA-TELEVENDAS,44.74
SKU-2004,CH-WEB,LOJA-WEB,48.84
SKU-2004,CH-APP,LOJA-01,47.37
SKU-2004,CH-APP,LOJA-02,47.85
SKU-2004,CH-APP,LOJA-03,46.9
SKU-2004,CH-FISICO,LOJA-01,49.82
SKU-2004,CH-FISICO,LOJA-02,50.31
SKU-2004,CH-FISICO,LOJA-03,49.32
SKU-2004,CH-FISICO,LOJA-04,50.81
SKU-2004,CH-FISICO,LOJA-05,48.82
SKU-2004,CH-TELEVENDAS,LOJA-TELEVENDAS,48.35
SKU-2005,CH-WEB,LOJA-WEB,10.83
SKU-2005,CH-APP,LOJA-01,10.51
SKU-2005,CH-APP,LOJA-02,10.61
SKU-2005,CH-APP,LOJA-03,10.4
SKU-2005,CH-FISICO,LOJA-01,11.05
SKU-2005,CH-FISICO,LOJA-02,11.16
SKU-2005,CH-FISICO,LOJA-03,10.94
SKU-2005,CH-FISICO,LOJA-04,11.27
SKU-2005,CH-FISICO,LOJA-05,10.83
SKU-2005,CH-TELEVENDAS,LOJA-TELEVENDAS,10.72
SKU-2006,CH-WEB,LOJA-WEB,9112.79
SKU-2006,CH-APP,LOJA-01,8839.41
SKU-2006,CH-APP,LOJA-02,8927.8
SKU-2006,CH-APP,LOJA-03,8751.01
SKU-2006,CH-FISICO,LOJA-01,9295.05
SKU-2006,CH-FISICO,LOJA-02,9388.0
SKU-2006,CH-FISICO,LOJA-03,9202.1
SKU-2006,CH-FISICO,LOJA-04,9480.95
SKU-2006,CH-FISICO,LOJA-05,9109.14
SKU-2006,CH-TELEVENDAS,LOJA-TELEVENDAS,9021.66
SKU-2007,CH-WEB,LOJA-WEB,6865.27
SKU-2007,CH-APP,LOJA-01,6659.31
SKU-2007,CH-APP,LOJA-02,6725.91
SKU-2007,CH-APP,LOJA-03,6592.72
SKU-2007,CH-FISICO,LOJA-01,7002.58
SKU-2007,CH-FISICO,LOJA-02,7072.6
SKU-2007,CH-FISICO,LOJA-03,6932.55
SKU-2007,CH-FISICO,LOJA-04,7142.63
SKU-2007,CH-FISICO,LOJA-05,6862.52
SKU-2007,CH-TELEVENDAS,LOJA-TELEVENDAS,6796.62
SKU-2008,CH-WEB,LOJA-WEB,1246.57
SKU-2008,CH-APP,LOJA-01,1209.17
SKU-2008,CH-APP,LOJA-02,1221.26
SKU-2008,CH-APP,LOJA-03,1197.08
SKU-2008,CH-FISICO,LOJA-01,1271.5
SKU-2008,CH-FISICO,LOJA-02,1284.22
SKU-2008,CH-FISICO,LOJA-03,1258.79
SKU-2008,CH-FISICO,LOJA-04,1296.93
SKU-2008,CH-FISICO,LOJA-05,1246.07
SKU-2008,CH-TELEVENDAS,LOJA-TELEVENDAS,1234.1
SKU-2009,CH-WEB,LOJA-WEB,344.68
SKU-2009,CH-APP,LOJA-01,334.34
SKU-2009,CH-APP,LOJA-02,337.68
SKU-2009,CH-APP,LOJA-03,331.0
SKU-2009,CH-FISICO,LOJA-01,351.57
SKU-2009,CH-FISICO,LOJA-02,355.09
SKU-2009,CH-FISICO,LOJA-03,348.06
SKU-2009,CH-FISICO,LOJA-04,358.61
SKU-2009,CH-FISICO,LOJA-05,344.54
SKU-2009,CH-TELEVENDAS,LOJA-TELEVENDAS,341.23
SKU-2010,CH-WEB,LOJA-WEB,323.85
SKU-2010,CH-APP,LOJA-01,314.13
SKU-2010,CH-APP,LOJA-02,317.28
SKU-2010,CH-APP,LOJA-03,310.99
SKU-2010,CH-FISICO,LOJA-01,330.33
SKU-2010,CH-FISICO,LOJA-02,333.63
SKU-2010,CH-FISICO,LOJA-03,327.02
SKU-2010,CH-FISICO,LOJA-04,336.93
SKU-2010,CH-FISICO,LOJA-05,323.72
SKU-2010,CH-TELEVENDAS,LOJA-TELEVENDAS,320.61
SKU-2011,CH-WEB,LOJA-WEB,85.77
SKU-2011,CH-APP,LOJA-01,83.2
SKU-2011,CH-APP,LOJA-02,84.03
SKU-2011,CH-APP,LOJA-03,82.36
SKU-2011,CH-FISICO,LOJA-01,87.49
SKU-2011,CH-FISICO,LOJA-02,88.36
SKU-2011,CH-FISICO,LOJA-03,86.61
SKU-2011,CH-FISICO,LOJA-04,89.24
SKU-2011,CH-FISICO,LOJA-05,85.74
SKU-2011,CH-TELEVENDAS,LOJA-TELEVENDAS,84.91
SKU-2012,CH-WEB,LOJA-WEB,396.36
SKU-2012,CH-APP,LOJA-01,384.47
SKU-2012,CH-APP,LOJA-02,388.31
SKU-2012,CH-APP,LOJA-03,380.62
SKU-2012,CH-FISICO,LOJA-01,404.29
SKU-2012,CH-FISICO,LOJA-02,408.33
SKU-2012,CH-FISICO,LOJA-03,400.24
SKU-2012,CH-FISICO,LOJA-04,412.37
SKU-2012,CH-FISICO,LOJA-05,396.2
SKU-2012,CH-TELEVENDAS,LOJA-TELEVENDAS,392.4
SKU-2013,CH-WEB,LOJA-WEB,73.39
SKU-2013,CH-APP,LOJA-01,71.19
SKU-2013,CH-APP,LOJA-02,71.9
SKU-2013,CH-APP,LOJA-03,70.48
SKU-2013,CH-FISICO,LOJA-01,74.86
SKU-2013,CH-FISICO,LOJA-02,75.61
SKU-2013,CH-FISICO,LOJA-03,74.11
SKU-2013,CH-FISICO,LOJA-04,76.35
SKU-2013,CH-FISICO,LOJA-05,73.36
SKU-2013,CH-TELEVENDAS,LOJA-TELEVENDAS,72.66
SKU-2014,CH-WEB,LOJA-WEB,21.08
SKU-2014,CH-APP,LOJA-01,20.45
SKU-2014,CH-APP,LOJA-02,20.65
SKU-2014,CH-APP,LOJA-03,20.24
SKU-2014,CH-FISICO,LOJA-01,21.5
SKU-2014,CH-FISICO,LOJA-02,21.72
SKU-2014,CH-FISICO,LOJA-03,21.29
SKU-2014,CH-FISICO,LOJA-04,21.93
SKU-2014,CH-FISICO,LOJA-05,21.07
SKU-2014,CH-TELEVENDAS,LOJA-TELEVENDAS,20.87
SKU-2015,CH-WEB,LOJA-WEB,27.13
SKU-2015,CH-APP,LOJA-01,26.32
SKU-2015,CH-APP,LOJA-02,26.58
SKU-2015,CH-APP,LOJA-03,26.05
SKU-2015,CH-FISICO,LOJA-01,27.67
SKU-2015,CH-FISICO,LOJA-02,27.95
SKU-2015,CH-FISICO,LOJA-03,27.4
SKU-2015,CH-FISICO,LOJA-04,28.23
SKU-2015,CH-FISICO,LOJA-05,27.12
SKU-2015,CH-TELEVENDAS,LOJA-TELEVENDAS,26.86
SKU-2016,CH-WEB,LOJA-WEB,7440.05
SKU-2016,CH-APP,LOJA-01,7216.85
SKU-2016,CH-APP,LOJA-02,7289.02
SKU-2016,CH-APP,LOJA-03,7144.68
SKU-2016,CH-FISICO,LOJA-01,7588.85
SKU-2016,CH-FISICO,LOJA-02,7664.74
SKU-2016,CH-FISICO,LOJA-03,7512.96
SKU-2016,CH-FISICO,LOJA-04,7740.63
SKU-2016,CH-FISICO,LOJA-05,7437.07
SKU-2016,CH-TELEVENDAS,LOJA-TELEVENDAS,7365.65
SKU-2017,CH-WEB,LOJA-WEB,2739.56
SKU-2017,CH-APP,LOJA-01,2657.37
SKU-2017,CH-APP,LOJA-02,2683.95
SKU-2017,CH-APP,LOJA-03,2630.8
SKU-2017,CH-FISICO,LOJA-01,2794.35
SKU-2017,CH-FISICO,LOJA-02,2822.29
SKU-2017,CH-FISICO,LOJA-03,2766.41
SKU-2017,CH-FISICO,LOJA-04,2850.24
SKU-2017,CH-FISICO,LOJA-05,2738.46
SKU-2017,CH-TELEVENDAS,LOJA-TELEVENDAS,2712.16
SKU-2018,CH-WEB,LOJA-WEB,110.08
SKU-2018,CH-APP,LOJA-01,106.78
SKU-2018,CH-APP,LOJA-02,107.85
SKU-2018,CH-APP,LOJA-03,105.71
SKU-2018,CH-FISICO,LOJA-01,112.28
SKU-2018,CH-FISICO,LOJA-02,113.4
SKU-2018,CH-FISICO,LOJA-03,111.16
SKU-2018,CH-FISICO,LOJA-04,114.53
SKU-2018,CH-FISICO,LOJA-05,110.04
SKU-2018,CH-TELEVENDAS,LOJA-TELEVENDAS,108.98
SKU-2019,CH-WEB,LOJA-WEB,692.16
SKU-2019,CH-APP,LOJA-01,671.4
SKU-2019,CH-APP,LOJA-02,678.11
SKU-2019,CH-APP,LOJA-03,664.68
SKU-2019,CH-FISICO,LOJA-01,706.0
SKU-2019,CH-FISICO,LOJA-02,713.06
SKU-2019,CH-FISICO,LOJA-03,698.94
SKU-2019,CH-FISICO,LOJA-04,720.12
SKU-2019,CH-FISICO,LOJA-05,691.88
SKU-2019,CH-TELEVENDAS,LOJA-TELEVENDAS,685.24
SKU-2020,CH-WEB,LOJA-WEB,428.37
SKU-2020,CH-APP,LOJA-01,415.52
SKU-2020,CH-APP,LOJA-02,419.67
SKU-2020,CH-APP,LOJA-03,411.36
SKU-2020,CH-FISICO,LOJA-01,436.94
SKU-2020,CH-FISICO,LOJA-02,441.31
SKU-2020,CH-FISICO,LOJA-03,432.57
SKU-2020,CH-FISICO,LOJA-04,445.68
SKU-2020,CH-FISICO,LOJA-05,428.2
SKU-2020,CH-TELEVENDAS,LOJA-TELEVENDAS,424.09
SKU-2021,CH-WEB,LOJA-WEB,643.78
SKU-2021,CH-APP,LOJA-01,624.47
SKU-2021,CH-APP,LOJA-02,630.71
SKU-2021,CH-APP,LOJA-03,618.22
SKU-2021,CH-FISICO,LOJA-01,656.66
SKU-2021,CH-FISICO,LOJA-02,663.22
SKU-2021,CH-FISICO,LOJA-03,650.09
SKU-2021,CH-FISICO,LOJA-04,669.79
SKU-2021,CH-FISICO,LOJA-05,643.52
SKU-2021,CH-TELEVENDAS,LOJA-TELEVENDAS,637.34
SKU-2022,CH-WEB,LOJA-WEB,349.56
SKU-2022,CH-APP,LOJA-01,339.07
SKU-2022,CH-APP,LOJA-02,342.46
SKU-2022,CH-APP,LOJA-03,335.68
SKU-2022,CH-FISICO,LOJA-01,356.55
SKU-2022,CH-FISICO,LOJA-02,360.12
SKU-2022,CH-FISICO,LOJA-03,352.99
SKU-2022,CH-FISICO,LOJA-04,363.68
SKU-2022,CH-FISICO,LOJA-05,349.42
SKU-2022,CH-TELEVENDAS,LOJA-TELEVENDAS,346.06
SKU-2023,CH-WEB,LOJA-WEB,164.29
SKU-2023,CH-APP,LOJA-01,159.36
SKU-2023,CH-APP,LOJA-02,160.95
SKU-2023,CH-APP,LOJA-03,157.77
SKU-2023,CH-FISICO,LOJA-01,167.58
SKU-2023,CH-FISICO,LOJA-02,169.25
SKU-2023,CH-FISICO,LOJA-03,165.9
SKU-2023,CH-FISICO,LOJA-04,170.93
SKU-2023,CH-FISICO,LOJA-05,164.22
SKU-2023,CH-TELEVENDAS,LOJA-TELEVENDAS,162.65
SKU-2024,CH-WEB,LOJA-WEB,43.71
SKU-2024,CH-APP,LOJA-01,42.4
SKU-2024,CH-APP,LOJA-02,42.82
SKU-2024,CH-APP,LOJA-03,41.97
SKU-2024,CH-FISICO,LOJA-01,44.58
SKU-2024,CH-FISICO,LOJA-02,45.03
SKU-2024,CH-FISICO,LOJA-03,44.14
SKU-2024,CH-FISICO,LOJA-04,45.48
SKU-2024,CH-FISICO,LOJA-05,43.69
SKU-2024,CH-TELEVENDAS,LOJA-TELEVENDAS,43.27
SKU-2025,CH-WEB,LOJA-WEB,36.41
SKU-2025,CH-APP,LOJA-01,35.32
SKU-2025,CH-APP,LOJA-02,35.67
SKU-2025,CH-APP,LOJA-03,34.96
SKU-2025,CH-FISICO,LOJA-01,37.14
SKU-2025,CH-FISICO,LOJA-02,37.51
SKU-2025,CH-FISICO,LOJA-03,36.77
SKU-2025,CH-FISICO,LOJA-04,37.88
SKU-2025,CH-FISICO,LOJA-05,36.4
SKU-2025,CH-TELEVENDAS,LOJA-TELEVENDAS,36.05
SKU-2026,CH-WEB,LOJA-WEB,4008.31
SKU-2026,CH-APP,LOJA-01,3888.06
SKU-2026,CH-APP,LOJA-02,3926.94
SKU-2026,CH-APP,LOJA-03,3849.18
SKU-2026,CH-FISICO,LOJA-01,4088.48
SKU-2026,CH-FISICO,LOJA-02,4129.36
SKU-2026,CH-FISICO,LOJA-03,4047.59
SKU-2026,CH-FISICO,LOJA-04,4170.25
SKU-2026,CH-FISICO,LOJA-05,4006.71
SKU-2026,CH-TELEVENDAS,LOJA-TELEVENDAS,3968.23
SKU-2027,CH-WEB,LOJA-WEB,1057.06
SKU-2027,CH-APP,LOJA-01,1025.35
SKU-2027,CH-APP,LOJA-02,1035.6
SKU-2027,CH-APP,LOJA-03,1015.09
SKU-2027,CH-FISICO,LOJA-01,1078.2
SKU-2027,CH-FISICO,LOJA-02,1088.98
SKU-2027,CH-FISICO,LOJA-03,1067.42
SKU-2027,CH-FISICO,LOJA-04,1099.77
SKU-2027,CH-FISICO,LOJA-05,1056.64
SKU-2027,CH-TELEVENDAS,LOJA-TELEVENDAS,1046.49
SKU-2028,CH-WEB,LOJA-WEB,886.48
SKU-2028,CH-APP,LOJA-01,859.89
SKU-2028,CH-APP,LOJA-02,868.48
SKU-2028,CH-APP,LOJA-03,851.29
SKU-2028,CH-FISICO,LOJA-01,904.21
SKU-2028,CH-FISICO,LOJA-02,913.25
SKU-2028,CH-FISICO,LOJA-03,895.17
SKU-2028,CH-FISICO,LOJA-04,922.29
SKU-2028,CH-FISICO,LOJA-05,886.13
SKU-2028,CH-TELEVENDAS,LOJA-TELEVENDAS,877.62
SKU-2029,CH-WEB,LOJA-WEB,307.75
SKU-2029,CH-APP,LOJA-01,298.52
SKU-2029,CH-APP,LOJA-02,301.5
SKU-2029,CH-APP,LOJA-03,295.53
SKU-2029,CH-FISICO,LOJA-01,313.91
SKU-2029,CH-FISICO,LOJA-02,317.04
SKU-2029,CH-FISICO,LOJA-03,310.77
SKU-2029,CH-FISICO,LOJA-04,320.18
SKU-2029,CH-FISICO,LOJA-05,307.63
SKU-2029,CH-TELEVENDAS,LOJA-TELEVENDAS,304.67
SKU-2030,CH-WEB,LOJA-WEB,200.07
SKU-2030,CH-APP,LOJA-01,194.07
SKU-2030,CH-APP,LOJA-02,196.01
SKU-2030,CH-APP,LOJA-03,192.13
SKU-2030,CH-FISICO,LOJA-01,204.07
SKU-2030,CH-FISICO,LOJA-02,206.11
SKU-2030,CH-FISICO,LOJA-03,202.03
SKU-2030,CH-FISICO,LOJA-04,208.15
SKU-2030,CH-FISICO,LOJA-05,199.99
SKU-2030,CH-TELEVENDAS,LOJA-TELEVENDAS,198.07
SKU-2031,CH-WEB,LOJA-WEB,502.58
SKU-2031,CH-APP,LOJA-01,487.5
SKU-2031,CH-APP,LOJA-02,492.38
SKU-2031,CH-APP,LOJA-03,482.63
SKU-2031,CH-FISICO,LOJA-01,512.63
SKU-2031,CH-FISICO,LOJA-02,517.76
SKU-2031,CH-FISICO,LOJA-03,507.51
SKU-2031,CH-FISICO,LOJA-04,522.88
SKU-2031,CH-FISICO,LOJA-05,502.38
SKU-2031,CH-TELEVENDAS,LOJA-TELEVENDAS,497.55
SKU-2032,CH-WEB,LOJA-WEB,554.28
SKU-2032,CH-APP,LOJA-01,537.65
SKU-2032,CH-APP,LOJA-02,543.03
SKU-2032,CH-APP,LOJA-03,532.28
SKU-2032,CH-FISICO,LOJA-01,565.37
SKU-2032,CH-FISICO,LOJA-02,571.02
SKU-2032,CH-FISICO,LOJA-03,559.71
SKU-2032,CH-FISICO,LOJA-04,576.67
SKU-2032,CH-FISICO,LOJA-05,554.06
SKU-2032,CH-TELEVENDAS,LOJA-TELEVENDAS,548.74
SKU-2033,CH-WEB,LOJA-WEB,184.63
SKU-2033,CH-APP,LOJA-01,179.09
SKU-2033,CH-APP,LOJA-02,180.88
SKU-2033,CH-APP,LOJA-03,177.3
SKU-2033,CH-FISICO,LOJA-01,188.32
SKU-2033,CH-FISICO,LOJA-02,190.21
SKU-2033,CH-FISICO,LOJA-03,186.44
SKU-2033,CH-FISICO,LOJA-04,192.09
SKU-2033,CH-FISICO,LOJA-05,184.56
SKU-2033,CH-TELEVENDAS,LOJA-TELEVENDAS,182.78
SKU-2034,CH-WEB,LOJA-WEB,15.73
SKU-2034,CH-APP,LOJA-01,15.26
SKU-2034,CH-APP,LOJA-02,15.41
SKU-2034,CH-APP,LOJA-03,15.11
SKU-2034,CH-FISICO,LOJA-01,16.04
SKU-2034,CH-FISICO,LOJA-02,16.21
SKU-2034,CH-FISICO,LOJA-03,15.88
SKU-2034,CH-FISICO,LOJA-04,16.37
SKU-2034,CH-FISICO,LOJA-05,15.72
SKU-2034,CH-TELEVENDAS,LOJA-TELEVENDAS,15.57
SKU-2035,CH-WEB,LOJA-WEB,8.85
SKU-2035,CH-APP,LOJA-01,8.58
SKU-2035,CH-APP,LOJA-02,8.67
SKU-2035,CH-APP,LOJA-03,8.5
SKU-2035,CH-FISICO,LOJA-01,9.03
SKU-2035,CH-FISICO,LOJA-02,9.12
SKU-2035,CH-FISICO,LOJA-03,8.94
SKU-2035,CH-FISICO,LOJA-04,9.21
SKU-2035,CH-FISICO,LOJA-05,8.85
SKU-2035,CH-TELEVENDAS,LOJA-TELEVENDAS,8.76
SKU-2036,CH-WEB,LOJA-WEB,4552.54
SKU-2036,CH-APP,LOJA-01,4415.96
SKU-2036,CH-APP,LOJA-02,4460.12
SKU-2036,CH-APP,LOJA-03,4371.8
SKU-2036,CH-FISICO,LOJA-01,4643.59
SKU-2036,CH-FISICO,LOJA-02,4690.03
SKU-2036,CH-FISICO,LOJA-03,4597.15
SKU-2036,CH-FISICO,LOJA-04,4736.46
SKU-2036,CH-FISICO,LOJA-05,4550.72
SKU-2036,CH-TELEVENDAS,LOJA-TELEVENDAS,4507.01
SKU-2037,CH-WEB,LOJA-WEB,4558.22
SKU-2037,CH-APP,LOJA-01,4421.47
SKU-2037,CH-APP,LOJA-02,4465.69
SKU-2037,CH-APP,LOJA-03,4377.26
SKU-2037,CH-FISICO,LOJA-01,4649.38
SKU-2037,CH-FISICO,LOJA-02,4695.88
SKU-2037,CH-FISICO,LOJA-03,4602.89
SKU-2037,CH-FISICO,LOJA-04,4742.37
SKU-2037,CH-FISICO,LOJA-05,4556.4
SKU-2037,CH-TELEVENDAS,LOJA-TELEVENDAS,4512.64
SKU-2038,CH-WEB,LOJA-WEB,219.43
SKU-2038,CH-APP,LOJA-01,212.85
SKU-2038,CH-APP,LOJA-02,214.98
SKU-2038,CH-APP,LOJA-03,210.72
SKU-2038,CH-FISICO,LOJA-01,223.82
SKU-2038,CH-FISICO,LOJA-02,226.06
SKU-2038,CH-FISICO,LOJA-03,221.58
SKU-2038,CH-FISICO,LOJA-04,228.29
SKU-2038,CH-FISICO,LOJA-05,219.34
SKU-2038,CH-TELEVENDAS,LOJA-TELEVENDAS,217.24
SKU-2039,CH-WEB,LOJA-WEB,89.75
SKU-2039,CH-APP,LOJA-01,87.06
SKU-2039,CH-APP,LOJA-02,87.93
SKU-2039,CH-APP,LOJA-03,86.19
SKU-2039,CH-FISICO,LOJA-01,91.55
SKU-2039,CH-FISICO,LOJA-02,92.46
SKU-2039,CH-FISICO,LOJA-03,90.63
SKU-2039,CH-FISICO,LOJA-04,93.38
SKU-2039,CH-FISICO,LOJA-05,89.71
SKU-2039,CH-TELEVENDAS,LOJA-TELEVENDAS,88.85
SKU-2040,CH-WEB,LOJA-WEB,689.19
SKU-2040,CH-APP,LOJA-01,668.51
SKU-2040,CH-APP,LOJA-02,675.2
SKU-2040,CH-APP,LOJA-03,661.83
SKU-2040,CH-FISICO,LOJA-01,702.97
SKU-2040,CH-FISICO,LOJA-02,710.0
SKU-2040,CH-FISICO,LOJA-03,695.94
SKU-2040,CH-FISICO,LOJA-04,717.03
SKU-2040,CH-FISICO,LOJA-05,688.91
SKU-2040,CH-TELEVENDAS,LOJA-TELEVENDAS,682.3
SKU-2041,CH-WEB,LOJA-WEB,361.5
SKU-2041,CH-APP,LOJA-01,350.65
SKU-2041,CH-APP,LOJA-02,354.16
SKU-2041,CH-APP,LOJA-03,347.15
SKU-2041,CH-FISICO,LOJA-01,368.73
SKU-2041,CH-FISICO,LOJA-02,372.42
SKU-2041,CH-FISICO,LOJA-03,365.04
SKU-2041,CH-FISICO,LOJA-04,376.1
SKU-2041,CH-FISICO,LOJA-05,361.36
SKU-2041,CH-TELEVENDAS,LOJA-TELEVENDAS,357.88
SKU-2042,CH-WEB,LOJA-WEB,416.04
SKU-2042,CH-APP,LOJA-01,403.56
SKU-2042,CH-APP,LOJA-02,407.59
SKU-2042,CH-APP,LOJA-03,399.52
SKU-2042,CH-FISICO,LOJA-01,424.36
SKU-2042,CH-FISICO,LOJA-02,428.6
SKU-2042,CH-FISICO,LOJA-03,420.12
SKU-2042,CH-FISICO,LOJA-04,432.85
SKU-2042,CH-FISICO,LOJA-05,415.87
SKU-2042,CH-TELEVENDAS,LOJA-TELEVENDAS,411.88
SKU-2043,CH-WEB,LOJA-WEB,106.68
SKU-2043,CH-APP,LOJA-01,103.48
SKU-2043,CH-APP,LOJA-02,104.51
SKU-2043,CH-APP,LOJA-03,102.44
SKU-2043,CH-FISICO,LOJA-01,108.81
SKU-2043,CH-FISICO,LOJA-02,109.9
SKU-2043,CH-FISICO,LOJA-03,107.73
SKU-2043,CH-FISICO,LOJA-04,110.99
SKU-2043,CH-FISICO,LOJA-05,106.64
SKU-2043,CH-TELEVENDAS,LOJA-TELEVENDAS,105.61
SKU-2044,CH-WEB,LOJA-WEB,36.16
SKU-2044,CH-APP,LOJA-01,35.08
SKU-2044,CH-APP,LOJA-02,35.43
SKU-2044,CH-APP,LOJA-03,34.72
SKU-2044,CH-FISICO,LOJA-01,36.88
SKU-2044,CH-FISICO,LOJA-02,37.25
SKU-2044,CH-FISICO,LOJA-03,36.51
SKU-2044,CH-FISICO,LOJA-04,37.62
SKU-2044,CH-FISICO,LOJA-05,36.15
SKU-2044,CH-TELEVENDAS,LOJA-TELEVENDAS,35.8
SKU-2045,CH-WEB,LOJA-WEB,14.89
SKU-2045,CH-APP,LOJA-01,14.44
SKU-2045,CH-APP,LOJA-02,14.59
SKU-2045,CH-APP,LOJA-03,14.3
SKU-2045,CH-FISICO,LOJA-01,15.19
SKU-2045,CH-FISICO,LOJA-02,15.34
SKU-2045,CH-FISICO,LOJA-03,15.04
SKU-2045,CH-FISICO,LOJA-04,15.49
SKU-2045,CH-FISICO,LOJA-05,14.88
SKU-2045,CH-TELEVENDAS,LOJA-TELEVENDAS,14.74
SKU-2046,CH-WEB,LOJA-WEB,4670.29
SKU-2046,CH-APP,LOJA-01,4530.18
SKU-2046,CH-APP,LOJA-02,4575.48
SKU-2046,CH-APP,LOJA-03,4484.88
SKU-2046,CH-FISICO,LOJA-01,4763.7
SKU-2046,CH-FISICO,LOJA-02,4811.33
SKU-2046,CH-FISICO,LOJA-03,4716.06
SKU-2046,CH-FISICO,LOJA-04,4858.97
SKU-2046,CH-FISICO,LOJA-05,4668.42
SKU-2046,CH-TELEVENDAS,LOJA-TELEVENDAS,4623.59
SKU-2047,CH-WEB,LOJA-WEB,3866.41
SKU-2047,CH-APP,LOJA-01,3750.42
SKU-2047,CH-APP,LOJA-02,3787.92
SKU-2047,CH-APP,LOJA-03,3712.91
SKU-2047,CH-FISICO,LOJA-01,3943.74
SKU-2047,CH-FISICO,LOJA-02,3983.18
SKU-2047,CH-FISICO,LOJA-03,3904.3
SKU-2047,CH-FISICO,LOJA-04,4022.61
SKU-2047,CH-FISICO,LOJA-05,3864.86
SKU-2047,CH-TELEVENDAS,LOJA-TELEVENDAS,3827.75
SKU-2048,CH-WEB,LOJA-WEB,1120.96
SKU-2048,CH-APP,LOJA-01,1087.33
SKU-2048,CH-APP,LOJA-02,1098.2
SKU-2048,CH-APP,LOJA-03,1076.46
SKU-2048,CH-FISICO,LOJA-01,1143.38
SKU-2048,CH-FISICO,LOJA-02,1154.81
SKU-2048,CH-FISICO,LOJA-03,1131.95
SKU-2048,CH-FISICO,LOJA-04,1166.25
SKU-2048,CH-FISICO,LOJA-05,1120.51
SKU-2048,CH-TELEVENDAS,LOJA-TELEVENDAS,1109.75
SKU-2049,CH-WEB,LOJA-WEB,41.92
SKU-2049,CH-APP,LOJA-01,40.66
SKU-2049,CH-APP,LOJA-02,41.07
SKU-2049,CH-APP,LOJA-03,40.26
SKU-2049,CH-FISICO,LOJA-01,42.76
SKU-2049,CH-FISICO,LOJA-02,43.19
SKU-2049,CH-FISICO,LOJA-03,42.33
SKU-2049,CH-FISICO,LOJA-04,43.61
SKU-2049,CH-FISICO,LOJA-05,41.9
SKU-2049,CH-TELEVENDAS,LOJA-TELEVENDAS,41.5
SKU-2050,CH-WEB,LOJA-WEB,227.21
SKU-2050,CH-APP,LOJA-01,220.39
SKU-2050,CH-APP,LOJA-02,222.6
SKU-2050,CH-APP,LOJA-03,218.19
SKU-2050,CH-FISICO,LOJA-01,231.75
SKU-2050,CH-FISICO,LOJA-02,234.07
SKU-2050,CH-FISICO,LOJA-03,229.44
SKU-2050,CH-FISICO,LOJA-04,236.39
SKU-2050,CH-FISICO,LOJA-05,227.12
SKU-2050,CH-TELEVENDAS,LOJA-TELEVENDAS,224.94
SKU-2051,CH-WEB,LOJA-WEB,645.13
SKU-2051,CH-APP,LOJA-01,625.78
SKU-2051,CH-APP,LOJA-02,632.03
SKU-2051,CH-APP,LOJA-03,619.52
SKU-2051,CH-FISICO,LOJA-01,658.03
SKU-2051,CH-FISICO,LOJA-02,664.61
SKU-2051,CH-FISICO,LOJA-03,651.45
SKU-2051,CH-FISICO,LOJA-04,671.19
SKU-2051,CH-FISICO,LOJA-05,644.87
SKU-2051,CH-TELEVENDAS,LOJA-TELEVENDAS,638.68
SKU-2052,CH-WEB,LOJA-WEB,424.78
SKU-2052,CH-APP,LOJA-01,412.04
SKU-2052,CH-APP,LOJA-02,416.16
SKU-2052,CH-APP,LOJA-03,407.92
SKU-2052,CH-FISICO,LOJA-01,433.28
SKU-2052,CH-FISICO,LOJA-02,437.61
SKU-2052,CH-FISICO,LOJA-03,428.94
SKU-2052,CH-FISICO,LOJA-04,441.94
SKU-2052,CH-FISICO,LOJA-05,424.61
SKU-2052,CH-TELEVENDAS,LOJA-TELEVENDAS,420.53
SKU-2053,CH-WEB,LOJA-WEB,47.29
SKU-2053,CH-APP,LOJA-01,45.87
SKU-2053,CH-APP,LOJA-02,46.33
SKU-2053,CH-APP,LOJA-03,45.41
SKU-2053,CH-FISICO,LOJA-01,48.24
SKU-2053,CH-FISICO,LOJA-02,48.72
SKU-2053,CH-FISICO,LOJA-03,47.75
SKU-2053,CH-FISICO,LOJA-04,49.2
SKU-2053,CH-FISICO,LOJA-05,47.27
SKU-2053,CH-TELEVENDAS,LOJA-TELEVENDAS,46.82
SKU-2054,CH-WEB,LOJA-WEB,38.51
SKU-2054,CH-APP,LOJA-01,37.35
SKU-2054,CH-APP,LOJA-02,37.73
SKU-2054,CH-APP,LOJA-03,36.98
SKU-2054,CH-FISICO,LOJA-01,39.28
SKU-2054,CH-FISICO,LOJA-02,39.67
SKU-2054,CH-FISICO,LOJA-03,38.89
SKU-2054,CH-FISICO,LOJA-04,40.07
SKU-2054,CH-FISICO,LOJA-05,38.49
SKU-2054,CH-TELEVENDAS,LOJA-TELEVENDAS,38.12
SKU-2055,CH-WEB,LOJA-WEB,13.55
SKU-2055,CH-APP,LOJA-01,13.14
SKU-2055,CH-APP,LOJA-02,13.27
SKU-2055,CH-APP,LOJA-03,13.01
SKU-2055,CH-FISICO,LOJA-01,13.82
SKU-2055,CH-FISICO,LOJA-02,13.96
SKU-2055,CH-FISICO,LOJA-03,13.68
SKU-2055,CH-FISICO,LOJA-04,14.1
SKU-2055,CH-FISICO,LOJA-05,13.54
SKU-2055,CH-TELEVENDAS,LOJA-TELEVENDAS,13.41
SKU-2056,CH-WEB,LOJA-WEB,2726.67
SKU-2056,CH-APP,LOJA-01,2644.87
SKU-2056,CH-APP,LOJA-02,2671.32
SKU-2056,CH-APP,LOJA-03,2618.42
SKU-2056,CH-FISICO,LOJA-01,2781.2
SKU-2056,CH-FISICO,LOJA-02,2809.02
SKU-2056,CH-FISICO,LOJA-03,2753.39
SKU-2056,CH-FISICO,LOJA-04,2836.83
SKU-2056,CH-FISICO,LOJA-05,2725.58
SKU-2056,CH-TELEVENDAS,LOJA-TELEVENDAS,2699.4
SKU-2057,CH-WEB,LOJA-WEB,1854.56
SKU-2057,CH-APP,LOJA-01,1798.92
SKU-2057,CH-APP,LOJA-02,1816.91
SKU-2057,CH-APP,LOJA-03,1780.93
SKU-2057,CH-FISICO,LOJA-01,1891.65
SKU-2057,CH-FISICO,LOJA-02,1910.57
SKU-2057,CH-FISICO,LOJA-03,1872.73
SKU-2057,CH-FISICO,LOJA-04,1929.48
SKU-2057,CH-FISICO,LOJA-05,1853.82
SKU-2057,CH-TELEVENDAS,LOJA-TELEVENDAS,1836.01
SKU-2058,CH-WEB,LOJA-WEB,1925.49
SKU-2058,CH-APP,LOJA-01,1867.73
SKU-2058,CH-APP,LOJA-02,1886.4
SKU-2058,CH-APP,LOJA-03,1849.05
SKU-2058,CH-FISICO,LOJA-01,1964.0
SKU-2058,CH-FISICO,LOJA-02,1983.64
SKU-2058,CH-FISICO,LOJA-03,1944.36
SKU-2058,CH-FISICO,LOJA-04,2003.28
SKU-2058,CH-FISICO,LOJA-05,1924.72
SKU-2058,CH-TELEVENDAS,LOJA-TELEVENDAS,1906.24
SKU-2059,CH-WEB,LOJA-WEB,42.14
SKU-2059,CH-APP,LOJA-01,40.88
SKU-2059,CH-APP,LOJA-02,41.28
SKU-2059,CH-APP,LOJA-03,40.47
SKU-2059,CH-FISICO,LOJA-01,42.98
SKU-2059,CH-FISICO,LOJA-02,43.41
SKU-2059,CH-FISICO,LOJA-03,42.55
SKU-2059,CH-FISICO,LOJA-04,43.84
SKU-2059,CH-FISICO,LOJA-05,42.12
SKU-2059,CH-TELEVENDAS,LOJA-TELEVENDAS,41.72
SKU-2060,CH-WEB,LOJA-WEB,458.56
SKU-2060,CH-APP,LOJA-01,444.8
SKU-2060,CH-APP,LOJA-02,449.25
SKU-2060,CH-APP,LOJA-03,440.36
SKU-2060,CH-FISICO,LOJA-01,467.73
SKU-2060,CH-FISICO,LOJA-02,472.41
SKU-2060,CH-FISICO,LOJA-03,463.05
SKU-2060,CH-FISICO,LOJA-04,477.09
SKU-2060,CH-FISICO,LOJA-05,458.38
SKU-2060,CH-TELEVENDAS,LOJA-TELEVENDAS,453.97
SKU-2061,CH-WEB,LOJA-WEB,183.47
SKU-2061,CH-APP,LOJA-01,177.97
SKU-2061,CH-APP,LOJA-02,179.75
SKU-2061,CH-APP,LOJA-03,176.19
SKU-2061,CH-FISICO,LOJA-01,187.14
SKU-2061,CH-FISICO,LOJA-02,189.01
SKU-2061,CH-FISICO,LOJA-03,185.27
SKU-2061,CH-FISICO,LOJA-04,190.88
SKU-2061,CH-FISICO,LOJA-05,183.4
SKU-2061,CH-TELEVENDAS,LOJA-TELEVENDAS,181.64
SKU-2062,CH-WEB,LOJA-WEB,503.96
SKU-2062,CH-APP,LOJA-01,488.84
SKU-2062,CH-APP,LOJA-02,493.73
SKU-2062,CH-APP,LOJA-03,483.95
SKU-2062,CH-FISICO,LOJA-01,514.04
SKU-2062,CH-FISICO,LOJA-02,519.18
SKU-2062,CH-FISICO,LOJA-03,508.9
SKU-2062,CH-FISICO,LOJA-04,524.32
SKU-2062,CH-FISICO,LOJA-05,503.76
SKU-2062,CH-TELEVENDAS,LOJA-TELEVENDAS,498.92
SKU-2063,CH-WEB,LOJA-WEB,60.52
SKU-2063,CH-APP,LOJA-01,58.7
SKU-2063,CH-APP,LOJA-02,59.29
SKU-2063,CH-APP,LOJA-03,58.12
SKU-2063,CH-FISICO,LOJA-01,61.73
SKU-2063,CH-FISICO,LOJA-02,62.35
SKU-2063,CH-FISICO,LOJA-03,61.11
SKU-2063,CH-FISICO,LOJA-04,62.97
SKU-2063,CH-FISICO,LOJA-05,60.5
SKU-2063,CH-TELEVENDAS,LOJA-TELEVENDAS,59.91
SKU-2064,CH-WEB,LOJA-WEB,17.91
SKU-2064,CH-APP,LOJA-01,17.37
SKU-2064,CH-APP,LOJA-02,17.55
SKU-2064,CH-APP,LOJA-03,17.2
SKU-2064,CH-FISICO,LOJA-01,18.27
SKU-2064,CH-FISICO,LOJA-02,18.45
SKU-2064,CH-FISICO,LOJA-03,18.09
SKU-2064,CH-FISICO,LOJA-04,18.63
SKU-2064,CH-FISICO,LOJA-05,17.9
SKU-2064,CH-TELEVENDAS,LOJA-TELEVENDAS,17.73
SKU-2065,CH-WEB,LOJA-WEB,22.31
SKU-2065,CH-APP,LOJA-01,21.64
SKU-2065,CH-APP,LOJA-02,21.86
SKU-2065,CH-APP,LOJA-03,21.42
SKU-2065,CH-FISICO,LOJA-01,22.76
SKU-2065,CH-FISICO,LOJA-02,22.98
SKU-2065,CH-FISICO,LOJA-03,22.53
SKU-2065,CH-FISICO,LOJA-04,23.21
SKU-2065,CH-FISICO,LOJA-05,22.3
SKU-2065,CH-TELEVENDAS,LOJA-TELEVENDAS,22.09
SKU-2066,CH-WEB,LOJA-WEB,8120.95
SKU-2066,CH-APP,LOJA-01,7877.32
SKU-2066,CH-APP,LOJA-02,7956.09
SKU-2066,CH-APP,LOJA-03,7798.55
SKU-2066,CH-FISICO,LOJA-01,8283.37
SKU-2066,CH-FISICO,LOJA-02,8366.2
SKU-2066,CH-FISICO,LOJA-03,8200.54
SKU-2066,CH-FISICO,LOJA-04,8449.04
SKU-2066,CH-FISICO,LOJA-05,8117.7
SKU-2066,CH-TELEVENDAS,LOJA-TELEVENDAS,8039.74
SKU-2067,CH-WEB,LOJA-WEB,4459.17
SKU-2067,CH-APP,LOJA-01,4325.39
SKU-2067,CH-APP,LOJA-02,4368.65
SKU-2067,CH-APP,LOJA-03,4282.14
SKU-2067,CH-FISICO,LOJA-01,4548.35
SKU-2067,CH-FISICO,LOJA-02,4593.84
SKU-2067,CH-FISICO,LOJA-03,4502.87
SKU-2067,CH-FISICO,LOJA-04,4639.32
SKU-2067,CH-FISICO,LOJA-05,4457.39
SKU-2067,CH-TELEVENDAS,LOJA-TELEVENDAS,4414.58
SKU-2068,CH-WEB,LOJA-WEB,1641.35
SKU-2068,CH-APP,LOJA-01,1592.11
SKU-2068,CH-APP,LOJA-02,1608.03
SKU-2068,CH-APP,LOJA-03,1576.19
SKU-2068,CH-FISICO,LOJA-01,1674.18
SKU-2068,CH-FISICO,LOJA-02,1690.92
SKU-2068,CH-FISICO,LOJA-03,1657.44
SKU-2068,CH-FISICO,LOJA-04,1707.66
SKU-2068,CH-FISICO,LOJA-05,1640.69
SKU-2068,CH-TELEVENDAS,LOJA-TELEVENDAS,1624.94
SKU-2069,CH-WEB,LOJA-WEB,447.73
SKU-2069,CH-APP,LOJA-01,434.3
SKU-2069,CH-APP,LOJA-02,438.64
SKU-2069,CH-APP,LOJA-03,429.96
SKU-2069,CH-FISICO,LOJA-01,456.68
SKU-2069,CH-FISICO,LOJA-02,461.25
SKU-2069,CH-FISICO,LOJA-03,452.12
SKU-2069,CH-FISICO,LOJA-04,465.82
SKU-2069,CH-FISICO,LOJA-05,447.55
SKU-2069,CH-TELEVENDAS,LOJA-TELEVENDAS,443.25
SKU-2070,CH-WEB,LOJA-WEB,555.7
SKU-2070,CH-APP,LOJA-01,539.03
SKU-2070,CH-APP,LOJA-02,544.42
SKU-2070,CH-APP,LOJA-03,533.64
SKU-2070,CH-FISICO,LOJA-01,566.81
SKU-2070,CH-FISICO,LOJA-02,572.48
SKU-2070,CH-FISICO,LOJA-03,561.15
SKU-2070,CH-FISICO,LOJA-04,578.15
SKU-2070,CH-FISICO,LOJA-05,555.48
SKU-2070,CH-TELEVENDAS,LOJA-TELEVENDAS,550.14
SKU-2071,CH-WEB,LOJA-WEB,601.75
SKU-2071,CH-APP,LOJA-01,583.7
SKU-2071,CH-APP,LOJA-02,589.53
SKU-2071,CH-APP,LOJA-03,577.86
SKU-2071,CH-FISICO,LOJA-01,613.78
SKU-2071,CH-FISICO,LOJA-02,619.92
SKU-2071,CH-FISICO,LOJA-03,607.65
SKU-2071,CH-FISICO,LOJA-04,626.06
SKU-2071,CH-FISICO,LOJA-05,601.51
SKU-2071,CH-TELEVENDAS,LOJA-TELEVENDAS,595.73
SKU-2072,CH-WEB,LOJA-WEB,300.67
SKU-2072,CH-APP,LOJA-01,291.65
SKU-2072,CH-APP,LOJA-02,294.57
SKU-2072,CH-APP,LOJA-03,288.73
SKU-2072,CH-FISICO,LOJA-01,306.68
SKU-2072,CH-FISICO,LOJA-02,309.75
SKU-2072,CH-FISICO,LOJA-03,303.62
SKU-2072,CH-FISICO,LOJA-04,312.82
SKU-2072,CH-FISICO,LOJA-05,300.55
SKU-2072,CH-TELEVENDAS,LOJA-TELEVENDAS,297.66
SKU-2073,CH-WEB,LOJA-WEB,159.99
SKU-2073,CH-APP,LOJA-01,155.19
SKU-2073,CH-APP,LOJA-02,156.74
SKU-2073,CH-APP,LOJA-03,153.64
SKU-2073,CH-FISICO,LOJA-01,163.19
SKU-2073,CH-FISICO,LOJA-02,164.82
SKU-2073,CH-FISICO,LOJA-03,161.56
SKU-2073,CH-FISICO,LOJA-04,166.45
SKU-2073,CH-FISICO,LOJA-05,159.93
SKU-2073,CH-TELEVENDAS,LOJA-TELEVENDAS,158.39
SKU-2074,CH-WEB,LOJA-WEB,25.3
SKU-2074,CH-APP,LOJA-01,24.54
SKU-2074,CH-APP,LOJA-02,24.79
SKU-2074,CH-APP,LOJA-03,24.3
SKU-2074,CH-FISICO,LOJA-01,25.81
SKU-2074,CH-FISICO,LOJA-02,26.06
SKU-2074,CH-FISICO,LOJA-03,25.55
SKU-2074,CH-FISICO,LOJA-04,26.32
SKU-2074,CH-FISICO,LOJA-05,25.29
SKU-2074,CH-TELEVENDAS,LOJA-TELEVENDAS,25.05
SKU-2075,CH-WEB,LOJA-WEB,18.4
SKU-2075,CH-APP,LOJA-01,17.85
SKU-2075,CH-APP,LOJA-02,18.03
SKU-2075,CH-APP,LOJA-03,17.67
SKU-2075,CH-FISICO,LOJA-01,18.77
SKU-2075,CH-FISICO,LOJA-02,18.96
SKU-2075,CH-FISICO,LOJA-03,18.58
SKU-2075,CH-FISICO,LOJA-04,19.14
SKU-2075,CH-FISICO,LOJA-05,18.39
SKU-2075,CH-TELEVENDAS,LOJA-TELEVENDAS,18.22
SKU-2076,CH-WEB,LOJA-WEB,7528.54
SKU-2076,CH-APP,LOJA-01,7302.68
SKU-2076,CH-APP,LOJA-02,7375.71
SKU-2076,CH-APP,LOJA-03,7229.66
SKU-2076,CH-FISICO,LOJA-01,7679.11
SKU-2076,CH-FISICO,LOJA-02,7755.9
SKU-2076,CH-FISICO,LOJA-03,7602.32
SKU-2076,CH-FISICO,LOJA-04,7832.69
SKU-2076,CH-FISICO,LOJA-05,7525.53
SKU-2076,CH-TELEVENDAS,LOJA-TELEVENDAS,7453.25
SKU-2077,CH-WEB,LOJA-WEB,7779.89
SKU-2077,CH-APP,LOJA-01,7546.49
SKU-2077,CH-APP,LOJA-02,7621.96
SKU-2077,CH-APP,LOJA-03,7471.03
SKU-2077,CH-FISICO,LOJA-01,7935.49
SKU-2077,CH-FISICO,LOJA-02,8014.84
SKU-2077,CH-FISICO,LOJA-03,7856.13
SKU-2077,CH-FISICO,LOJA-04,8094.2
SKU-2077,CH-FISICO,LOJA-05,7776.78
SKU-2077,CH-TELEVENDAS,LOJA-TELEVENDAS,7702.09
SKU-2078,CH-WEB,LOJA-WEB,319.51
SKU-2078,CH-APP,LOJA-01,309.92
SKU-2078,CH-APP,LOJA-02,313.02
SKU-2078,CH-APP,LOJA-03,306.83
SKU-2078,CH-FISICO,LOJA-01,325.9
SKU-2078,CH-FISICO,LOJA-02,329.16
SKU-2078,CH-FISICO,LOJA-03,322.64
SKU-2078,CH-FISICO,LOJA-04,332.42
SKU-2078,CH-FISICO,LOJA-05,319.38
SKU-2078,CH-TELEVENDAS,LOJA-TELEVENDAS,316.31
SKU-2079,CH-WEB,LOJA-WEB,287.82
SKU-2079,CH-APP,LOJA-01,279.19
SKU-2079,CH-APP,LOJA-02,281.98
SKU-2079,CH-APP,LOJA-03,276.39
SKU-2079,CH-FISICO,LOJA-01,293.58
SKU-2079,CH-FISICO,LOJA-02,296.51
SKU-2079,CH-FISICO,LOJA-03,290.64
SKU-2079,CH-FISICO,LOJA-04,299.45
SKU-2079,CH-FISICO,LOJA-05,287.7
SKU-2079,CH-TELEVENDAS,LOJA-TELEVENDAS,284.94
SKU-2080,CH-WEB,LOJA-WEB,71.96
SKU-2080,CH-APP,LOJA-01,69.8
SKU-2080,CH-APP,LOJA-02,70.5
SKU-2080,CH-APP,LOJA-03,69.1
SKU-2080,CH-FISICO,LOJA-01,73.4
SKU-2080,CH-FISICO,LOJA-02,74.13
SKU-2080,CH-FISICO,LOJA-03,72.67
SKU-2080,CH-FISICO,LOJA-04,74.87
SKU-2080,CH-FISICO,LOJA-05,71.93
SKU-2080,CH-TELEVENDAS,LOJA-TELEVENDAS,71.24
SKU-2081,CH-WEB,LOJA-WEB,106.08
SKU-2081,CH-APP,LOJA-01,102.9
SKU-2081,CH-APP,LOJA-02,103.93
SKU-2081,CH-APP,LOJA-03,101.87
SKU-2081,CH-FISICO,LOJA-01,108.2
SKU-2081,CH-FISICO,LOJA-02,109.28
SKU-2081,CH-FISICO,LOJA-03,107.12
SKU-2081,CH-FISICO,LOJA-04,110.37
SKU-2081,CH-FISICO,LOJA-05,106.04
SKU-2081,CH-TELEVENDAS,LOJA-TELEVENDAS,105.02
SKU-2082,CH-WEB,LOJA-WEB,434.32
SKU-2082,CH-APP,LOJA-01,421.29
SKU-2082,CH-APP,LOJA-02,425.5
SKU-2082,CH-APP,LOJA-03,417.08
SKU-2082,CH-FISICO,LOJA-01,443.01
SKU-2082,CH-FISICO,LOJA-02,447.44
SKU-2082,CH-FISICO,LOJA-03,438.58
SKU-2082,CH-FISICO,LOJA-04,451.87
SKU-2082,CH-FISICO,LOJA-05,434.15
SKU-2082,CH-TELEVENDAS,LOJA-TELEVENDAS,429.98
SKU-2083,CH-WEB,LOJA-WEB,147.8
SKU-2083,CH-APP,LOJA-01,143.37
SKU-2083,CH-APP,LOJA-02,144.8
SKU-2083,CH-APP,LOJA-03,141.93
SKU-2083,CH-FISICO,LOJA-01,150.76
SKU-2083,CH-FISICO,LOJA-02,152.26
SKU-2083,CH-FISICO,LOJA-03,149.25
SKU-2083,CH-FISICO,LOJA-04,153.77
SKU-2083,CH-FISICO,LOJA-05,147.74
SKU-2083,CH-TELEVENDAS,LOJA-TELEVENDAS,146.32
SKU-2084,CH-WEB,LOJA-WEB,9.14
SKU-2084,CH-APP,LOJA-01,8.87
SKU-2084,CH-APP,LOJA-02,8.95
SKU-2084,CH-APP,LOJA-03,8.78
SKU-2084,CH-FISICO,LOJA-01,9.32
SKU-2084,CH-FISICO,LOJA-02,9.42
SKU-2084,CH-FISICO,LOJA-03,9.23
SKU-2084,CH-FISICO,LOJA-04,9.51
SKU-2084,CH-FISICO,LOJA-05,9.14
SKU-2084,CH-TELEVENDAS,LOJA-TELEVENDAS,9.05
SKU-2085,CH-WEB,LOJA-WEB,26.63
SKU-2085,CH-APP,LOJA-01,25.83
SKU-2085,CH-APP,LOJA-02,26.09
SKU-2085,CH-APP,LOJA-03,25.57
SKU-2085,CH-FISICO,LOJA-01,27.16
SKU-2085,CH-FISICO,LOJA-02,27.43
SKU-2085,CH-FISICO,LOJA-03,26.89
SKU-2085,CH-FISICO,LOJA-04,27.71
SKU-2085,CH-FISICO,LOJA-05,26.62
SKU-2085,CH-TELEVENDAS,LOJA-TELEVENDAS,26.36
SKU-2086,CH-WEB,LOJA-WEB,6131.0
SKU-2086,CH-APP,LOJA-01,5947.07
SKU-2086,CH-APP,LOJA-02,6006.54
SKU-2086,CH-APP,LOJA-03,5887.6
SKU-2086,CH-FISICO,LOJA-01,6253.62
SKU-2086,CH-FISICO,LOJA-02,6316.16
SKU-2086,CH-FISICO,LOJA-03,6191.08
SKU-2086,CH-FISICO,LOJA-04,6378.69
SKU-2086,CH-FISICO,LOJA-05,6128.55
SKU-2086,CH-TELEVENDAS,LOJA-TELEVENDAS,6069.69
SKU-2087,CH-WEB,LOJA-WEB,1316.89
SKU-2087,CH-APP,LOJA-01,1277.38
SKU-2087,CH-APP,LOJA-02,1290.16
SKU-2087,CH-APP,LOJA-03,1264.61
SKU-2087,CH-FISICO,LOJA-01,1343.23
SKU-2087,CH-FISICO,LOJA-02,1356.66
SKU-2087,CH-FISICO,LOJA-03,1329.8
SKU-2087,CH-FISICO,LOJA-04,1370.09
SKU-2087,CH-FISICO,LOJA-05,1316.36
SKU-2087,CH-TELEVENDAS,LOJA-TELEVENDAS,1303.72
SKU-2088,CH-WEB,LOJA-WEB,1819.6
SKU-2088,CH-APP,LOJA-01,1765.01
SKU-2088,CH-APP,LOJA-02,1782.66
SKU-2088,CH-APP,LOJA-03,1747.36
SKU-2088,CH-FISICO,LOJA-01,1855.99
SKU-2088,CH-FISICO,LOJA-02,1874.55
SKU-2088,CH-FISICO,LOJA-03,1837.43
SKU-2088,CH-FISICO,LOJA-04,1893.11
SKU-2088,CH-FISICO,LOJA-05,1818.87
SKU-2088,CH-TELEVENDAS,LOJA-TELEVENDAS,1801.4
SKU-2089,CH-WEB,LOJA-WEB,217.09
SKU-2089,CH-APP,LOJA-01,210.58
SKU-2089,CH-APP,LOJA-02,212.68
SKU-2089,CH-APP,LOJA-03,208.47
SKU-2089,CH-FISICO,LOJA-01,221.43
SKU-2089,CH-FISICO,LOJA-02,223.65
SKU-2089,CH-FISICO,LOJA-03,219.22
SKU-2089,CH-FISICO,LOJA-04,225.86
SKU-2089,CH-FISICO,LOJA-05,217.0
SKU-2089,CH-TELEVENDAS,LOJA-TELEVENDAS,214.92
SKU-2090,CH-WEB,LOJA-WEB,88.89
SKU-2090,CH-APP,LOJA-01,86.22
SKU-2090,CH-APP,LOJA-02,87.09
SKU-2090,CH-APP,LOJA-03,85.36
SKU-2090,CH-FISICO,LOJA-01,90.67
SKU-2090,CH-FISICO,LOJA-02,91.57
SKU-2090,CH-FISICO,LOJA-03,89.76
SKU-2090,CH-FISICO,LOJA-04,92.48
SKU-2090,CH-FISICO,LOJA-05,88.85
SKU-2090,CH-TELEVENDAS,LOJA-TELEVENDAS,88.0
SKU-2091,CH-WEB,LOJA-WEB,106.51
SKU-2091,CH-APP,LOJA-01,103.31
SKU-2091,CH-APP,LOJA-02,104.35
SKU-2091,CH-APP,LOJA-03,102.28
SKU-2091,CH-FISICO,LOJA-01,108.64
SKU-2091,CH-FISICO,LOJA-02,109.73
SKU-2091,CH-FISICO,LOJA-03,107.55
SKU-2091,CH-FISICO,LOJA-04,110.81
SKU-2091,CH-FISICO,LOJA-05,106.47
SKU-2091,CH-TELEVENDAS,LOJA-TELEVENDAS,105.44
SKU-2092,CH-WEB,LOJA-WEB,488.15
SKU-2092,CH-APP,LOJA-01,473.51
SKU-2092,CH-APP,LOJA-02,478.24
SKU-2092,CH-APP,LOJA-03,468.77
SKU-2092,CH-FISICO,LOJA-01,497.91
SKU-2092,CH-FISICO,LOJA-02,502.89
SKU-2092,CH-FISICO,LOJA-03,492.93
SKU-2092,CH-FISICO,LOJA-04,507.87
SKU-2092,CH-FISICO,LOJA-05,487.95
SKU-2092,CH-TELEVENDAS,LOJA-TELEVENDAS,483.27
SKU-2093,CH-WEB,LOJA-WEB,42.59
SKU-2093,CH-APP,LOJA-01,41.31
SKU-2093,CH-APP,LOJA-02,41.73
SKU-2093,CH-APP,LOJA-03,40.9
SKU-2093,CH-FISICO,LOJA-01,43.44
SKU-2093,CH-FISICO,LOJA-02,43.88
SKU-2093,CH-FISICO,LOJA-03,43.01
SKU-2093,CH-FISICO,LOJA-04,44.31
SKU-2093,CH-FISICO,LOJA-05,42.57
SKU-2093,CH-TELEVENDAS,LOJA-TELEVENDAS,42.16
SKU-2094,CH-WEB,LOJA-WEB,13.51
SKU-2094,CH-APP,LOJA-01,13.1
SKU-2094,CH-APP,LOJA-02,13.24
SKU-2094,CH-APP,LOJA-03,12.97
SKU-2094,CH-FISICO,LOJA-01,13.78
SKU-2094,CH-FISICO,LOJA-02,13.92
SKU-2094,CH-FISICO,LOJA-03,13.64
SKU-2094,CH-FISICO,LOJA-04,14.06
SKU-2094,CH-FISICO,LOJA-05,13.5
SKU-2094,CH-TELEVENDAS,LOJA-TELEVENDAS,13.37
SKU-2095,CH-WEB,LOJA-WEB,26.1
SKU-2095,CH-APP,LOJA-01,25.32
SKU-2095,CH-APP,LOJA-02,25.57
SKU-2095,CH-APP,LOJA-03,25.06
SKU-2095,CH-FISICO,LOJA-01,26.62
SKU-2095,CH-FISICO,LOJA-02,26.89
SKU-2095,CH-FISICO,LOJA-03,26.36
SKU-2095,CH-FISICO,LOJA-04,27.15
SKU-2095,CH-FISICO,LOJA-05,26.09
SKU-2095,CH-TELEVENDAS,LOJA-TELEVENDAS,25.84
SKU-2096,CH-WEB,LOJA-WEB,1993.99
SKU-2096,CH-APP,LOJA-01,1934.17
SKU-2096,CH-APP,LOJA-02,1953.51
SKU-2096,CH-APP,LOJA-03,1914.83
SKU-2096,CH-FISICO,LOJA-01,2033.87
SKU-2096,CH-FISICO,LOJA-02,2054.21
SKU-2096,CH-FISICO,LOJA-03,2013.53
SKU-2096,CH-FISICO,LOJA-04,2074.55
SKU-2096,CH-FISICO,LOJA-05,1993.19
SKU-2096,CH-TELEVENDAS,LOJA-TELEVENDAS,1974.05
SKU-2097,CH-WEB,LOJA-WEB,5147.8
SKU-2097,CH-APP,LOJA-01,4993.37
SKU-2097,CH-APP,LOJA-02,5043.3
SKU-2097,CH-APP,LOJA-03,4943.43
SKU-2097,CH-FISICO,LOJA-01,5250.76
SKU-2097,CH-FISICO,LOJA-02,5303.26
SKU-2097,CH-FISICO,LOJA-03,5198.25
SKU-2097,CH-FISICO,LOJA-04,5355.77
SKU-2097,CH-FISICO,LOJA-05,5145.74
SKU-2097,CH-TELEVENDAS,LOJA-TELEVENDAS,5096.32
SKU-2098,CH-WEB,LOJA-WEB,1665.54
SKU-2098,CH-APP,LOJA-01,1615.57
SKU-2098,CH-APP,LOJA-02,1631.73
SKU-2098,CH-APP,LOJA-03,1599.42
SKU-2098,CH-FISICO,LOJA-01,1698.85
SKU-2098,CH-FISICO,LOJA-02,1715.84
SKU-2098,CH-FISICO,LOJA-03,1681.86
SKU-2098,CH-FISICO,LOJA-04,1732.83
SKU-2098,CH-FISICO,LOJA-05,1664.87
SKU-2098,CH-TELEVENDAS,LOJA-TELEVENDAS,1648.88
SKU-2099,CH-WEB,LOJA-WEB,147.55
SKU-2099,CH-APP,LOJA-01,143.12
SKU-2099,CH-APP,LOJA-02,144.55
SKU-2099,CH-APP,LOJA-03,141.69
SKU-2099,CH-FISICO,LOJA-01,150.5
SKU-2099,CH-FISICO,LOJA-02,152.01
SKU-2099,CH-FISICO,LOJA-03,149.0
SKU-2099,CH-FISICO,LOJA-04,153.51
SKU-2099,CH-FISICO,LOJA-05,147.49
SKU-2099,CH-TELEVENDAS,LOJA-TELEVENDAS,146.07
SKU-2100,CH-WEB,LOJA-WEB,201.44
SKU-2100,CH-APP,LOJA-01,195.4
SKU-2100,CH-APP,LOJA-02,197.35
SKU-2100,CH-APP,LOJA-03,193.44
SKU-2100,CH-FISICO,LOJA-01,205.47
SKU-2100,CH-FISICO,LOJA-02,207.52
SKU-2100,CH-FISICO,LOJA-03,203.41
SKU-2100,CH-FISICO,LOJA-04,209.58
SKU-2100,CH-FISICO,LOJA-05,201.36
SKU-2100,CH-TELEVENDAS,LOJA-TELEVENDAS,199.43
SKU-2101,CH-WEB,LOJA-WEB,381.47
SKU-2101,CH-APP,LOJA-01,370.03
SKU-2101,CH-APP,LOJA-02,373.73
SKU-2101,CH-APP,LOJA-03,366.33
SKU-2101,CH-FISICO,LOJA-01,389.1
SKU-2101,CH-FISICO,LOJA-02,392.99
SKU-2101,CH-FISICO,LOJA-03,385.21
SKU-2101,CH-FISICO,LOJA-04,396.88
SKU-2101,CH-FISICO,LOJA-05,381.32
SKU-2101,CH-TELEVENDAS,LOJA-TELEVENDAS,377.66
SKU-2102,CH-WEB,LOJA-WEB,143.0
SKU-2102,CH-APP,LOJA-01,138.71
SKU-2102,CH-APP,LOJA-02,140.1
SKU-2102,CH-APP,LOJA-03,137.32
SKU-2102,CH-FISICO,LOJA-01,145.86
SKU-2102,CH-FISICO,LOJA-02,147.32
SKU-2102,CH-FISICO,LOJA-03,144.4
SKU-2102,CH-FISICO,LOJA-04,148.78
SKU-2102,CH-FISICO,LOJA-05,142.94
SKU-2102,CH-TELEVENDAS,LOJA-TELEVENDAS,141.57
SKU-2103,CH-WEB,LOJA-WEB,114.84
SKU-2103,CH-APP,LOJA-01,111.39
SKU-2103,CH-APP,LOJA-02,112.51
SKU-2103,CH-APP,LOJA-03,110.28
SKU-2103,CH-FISICO,LOJA-01,117.14
SKU-2103,CH-FISICO,LOJA-02,118.31
SKU-2103,CH-FISICO,LOJA-03,115.97
SKU-2103,CH-FISICO,LOJA-04,119.48
SKU-2103,CH-FISICO,LOJA-05,114.79
SKU-2103,CH-TELEVENDAS,LOJA-TELEVENDAS,113.69
SKU-2104,CH-WEB,LOJA-WEB,44.36
SKU-2104,CH-APP,LOJA-01,43.03
SKU-2104,CH-APP,LOJA-02,43.46
SKU-2104,CH-APP,LOJA-03,42.6
SKU-2104,CH-FISICO,LOJA-01,45.25
SKU-2104,CH-FISICO,LOJA-02,45.7
SKU-2104,CH-FISICO,LOJA-03,44.79
SKU-2104,CH-FISICO,LOJA-04,46.15
SKU-2104,CH-FISICO,LOJA-05,44.34
SKU-2104,CH-TELEVENDAS,LOJA-TELEVENDAS,43.92
SKU-2105,CH-WEB,LOJA-WEB,26.48
SKU-2105,CH-APP,LOJA-01,25.69
SKU-2105,CH-APP,LOJA-02,25.94
SKU-2105,CH-APP,LOJA-03,25.43
SKU-2105,CH-FISICO,LOJA-01,27.01
SKU-2105,CH-FISICO,LOJA-02,27.28
SKU-2105,CH-FISICO,LOJA-03,26.74
SKU-2105,CH-FISICO,LOJA-04,27.55
SKU-2105,CH-FISICO,LOJA-05,26.47
SKU-2105,CH-TELEVENDAS,LOJA-TELEVENDAS,26.22
SKU-2106,CH-WEB,LOJA-WEB,9357.94
SKU-2106,CH-APP,LOJA-01,9077.2
SKU-2106,CH-APP,LOJA-02,9167.97
SKU-2106,CH-APP,LOJA-03,8986.43
SKU-2106,CH-FISICO,LOJA-01,9545.1
SKU-2106,CH-FISICO,LOJA-02,9640.55
SKU-2106,CH-FISICO,LOJA-03,9449.65
SKU-2106,CH-FISICO,LOJA-04,9736.0
SKU-2106,CH-FISICO,LOJA-05,9354.2
SKU-2106,CH-TELEVENDAS,LOJA-TELEVENDAS,9264.36
SKU-2107,CH-WEB,LOJA-WEB,1022.87
SKU-2107,CH-APP,LOJA-01,992.18
SKU-2107,CH-APP,LOJA-02,1002.11
SKU-2107,CH-APP,LOJA-03,982.26
SKU-2107,CH-FISICO,LOJA-01,1043.33
SKU-2107,CH-FISICO,LOJA-02,1053.76
SKU-2107,CH-FISICO,LOJA-03,1032.89
SKU-2107,CH-FISICO,LOJA-04,1064.19
SKU-2107,CH-FISICO,LOJA-05,1022.46
SKU-2107,CH-TELEVENDAS,LOJA-TELEVENDAS,1012.64
SKU-2108,CH-WEB,LOJA-WEB,893.38
SKU-2108,CH-APP,LOJA-01,866.58
SKU-2108,CH-APP,LOJA-02,875.24
SKU-2108,CH-APP,LOJA-03,857.91
SKU-2108,CH-FISICO,LOJA-01,911.25
SKU-2108,CH-FISICO,LOJA-02,920.36
SKU-2108,CH-FISICO,LOJA-03,902.14
SKU-2108,CH-FISICO,LOJA-04,929.47
SKU-2108,CH-FISICO,LOJA-05,893.02
SKU-2108,CH-TELEVENDAS,LOJA-TELEVENDAS,884.45
SKU-2109,CH-WEB,LOJA-WEB,68.88
SKU-2109,CH-APP,LOJA-01,66.81
SKU-2109,CH-APP,LOJA-02,67.48
SKU-2109,CH-APP,LOJA-03,66.15
SKU-2109,CH-FISICO,LOJA-01,70.26
SKU-2109,CH-FISICO,LOJA-02,70.96
SKU-2109,CH-FISICO,LOJA-03,69.56
SKU-2109,CH-FISICO,LOJA-04,71.66
SKU-2109,CH-FISICO,LOJA-05,68.85
SKU-2109,CH-TELEVENDAS,LOJA-TELEVENDAS,68.19
SKU-2110,CH-WEB,LOJA-WEB,699.26
SKU-2110,CH-APP,LOJA-01,678.28
SKU-2110,CH-APP,LOJA-02,685.07
SKU-2110,CH-APP,LOJA-03,671.5
SKU-2110,CH-FISICO,LOJA-01,713.25
SKU-2110,CH-FISICO,LOJA-02,720.38
SKU-2110,CH-FISICO,LOJA-03,706.11
SKU-2110,CH-FISICO,LOJA-04,727.51
SKU-2110,CH-FISICO,LOJA-05,698.98
SKU-2110,CH-TELEVENDAS,LOJA-TELEVENDAS,692.27
SKU-2111,CH-WEB,LOJA-WEB,175.37
SKU-2111,CH-APP,LOJA-01,170.11
SKU-2111,CH-APP,LOJA-02,171.81
SKU-2111,CH-APP,LOJA-03,168.41
SKU-2111,CH-FISICO,LOJA-01,178.88
SKU-2111,CH-FISICO,LOJA-02,180.67
SKU-2111,CH-FISICO,LOJA-03,177.09
SKU-2111,CH-FISICO,LOJA-04,182.45
SKU-2111,CH-FISICO,LOJA-05,175.3
SKU-2111,CH-TELEVENDAS,LOJA-TELEVENDAS,173.62
SKU-2112,CH-WEB,LOJA-WEB,385.64
SKU-2112,CH-APP,LOJA-01,374.07
SKU-2112,CH-APP,LOJA-02,377.81
SKU-2112,CH-APP,LOJA-03,370.33
SKU-2112,CH-FISICO,LOJA-01,393.35
SKU-2112,CH-FISICO,LOJA-02,397.29
SKU-2112,CH-FISICO,LOJA-03,389.42
SKU-2112,CH-FISICO,LOJA-04,401.22
SKU-2112,CH-FISICO,LOJA-05,385.49
SKU-2112,CH-TELEVENDAS,LOJA-TELEVENDAS,381.78
SKU-2113,CH-WEB,LOJA-WEB,68.31
SKU-2113,CH-APP,LOJA-01,66.26
SKU-2113,CH-APP,LOJA-02,66.92
SKU-2113,CH-APP,LOJA-03,65.6
SKU-2113,CH-FISICO,LOJA-01,69.68
SKU-2113,CH-FISICO,LOJA-02,70.37
SKU-2113,CH-FISICO,LOJA-03,68.98
SKU-2113,CH-FISICO,LOJA-04,71.07
SKU-2113,CH-FISICO,LOJA-05,68.28
SKU-2113,CH-TELEVENDAS,LOJA-TELEVENDAS,67.63
SKU-2114,CH-WEB,LOJA-WEB,8.52
SKU-2114,CH-APP,LOJA-01,8.26
SKU-2114,CH-APP,LOJA-02,8.35
SKU-2114,CH-APP,LOJA-03,8.18
SKU-2114,CH-FISICO,LOJA-01,8.69
SKU-2114,CH-FISICO,LOJA-02,8.78
SKU-2114,CH-FISICO,LOJA-03,8.6
SKU-2114,CH-FISICO,LOJA-04,8.86
SKU-2114,CH-FISICO,LOJA-05,8.52
SKU-2114,CH-TELEVENDAS,LOJA-TELEVENDAS,8.43
SKU-2115,CH-WEB,LOJA-WEB,9.87
SKU-2115,CH-APP,LOJA-01,9.57
SKU-2115,CH-APP,LOJA-02,9.67
SKU-2115,CH-APP,LOJA-03,9.48
SKU-2115,CH-FISICO,LOJA-01,10.07
SKU-2115,CH-FISICO,LOJA-02,10.17
SKU-2115,CH-FISICO,LOJA-03,9.97
SKU-2115,CH-FISICO,LOJA-04,10.27
SKU-2115,CH-FISICO,LOJA-05,9.87
SKU-2115,CH-TELEVENDAS,LOJA-TELEVENDAS,9.77
SKU-2116,CH-WEB,LOJA-WEB,9963.35
SKU-2116,CH-APP,LOJA-01,9664.45
SKU-2116,CH-APP,LOJA-02,9761.09
SKU-2116,CH-APP,LOJA-03,9567.81
SKU-2116,CH-FISICO,LOJA-01,10162.62
SKU-2116,CH-FISICO,LOJA-02,10264.24
SKU-2116,CH-FISICO,LOJA-03,10060.99
SKU-2116,CH-FISICO,LOJA-04,10365.87
SKU-2116,CH-FISICO,LOJA-05,9959.36
SKU-2116,CH-TELEVENDAS,LOJA-TELEVENDAS,9863.72
SKU-2117,CH-WEB,LOJA-WEB,4250.16
SKU-2117,CH-APP,LOJA-01,4122.66
SKU-2117,CH-APP,LOJA-02,4163.88
SKU-2117,CH-APP,LOJA-03,4081.43
SKU-2117,CH-FISICO,LOJA-01,4335.16
SKU-2117,CH-FISICO,LOJA-02,4378.51
SKU-2117,CH-FISICO,LOJA-03,4291.81
SKU-2117,CH-FISICO,LOJA-04,4421.87
SKU-2117,CH-FISICO,LOJA-05,4248.46
SKU-2117,CH-TELEVENDAS,LOJA-TELEVENDAS,4207.66
SKU-2118,CH-WEB,LOJA-WEB,1091.62
SKU-2118,CH-APP,LOJA-01,1058.87
SKU-2118,CH-APP,LOJA-02,1069.46
SKU-2118,CH-APP,LOJA-03,1048.28
SKU-2118,CH-FISICO,LOJA-01,1113.45
SKU-2118,CH-FISICO,LOJA-02,1124.59
SKU-2118,CH-FISICO,LOJA-03,1102.32
SKU-2118,CH-FISICO,LOJA-04,1135.72
SKU-2118,CH-FISICO,LOJA-05,1091.18
SKU-2118,CH-TELEVENDAS,LOJA-TELEVENDAS,1080.7
SKU-2119,CH-WEB,LOJA-WEB,99.05
SKU-2119,CH-APP,LOJA-01,96.08
SKU-2119,CH-APP,LOJA-02,97.04
SKU-2119,CH-APP,LOJA-03,95.12
SKU-2119,CH-FISICO,LOJA-01,101.03
SKU-2119,CH-FISICO,LOJA-02,102.04
SKU-2119,CH-FISICO,LOJA-03,100.02
SKU-2119,CH-FISICO,LOJA-04,103.05
SKU-2119,CH-FISICO,LOJA-05,99.01
SKU-2119,CH-TELEVENDAS,LOJA-TELEVENDAS,98.06
SKU-2120,CH-WEB,LOJA-WEB,465.93
SKU-2120,CH-APP,LOJA-01,451.95
SKU-2120,CH-APP,LOJA-02,456.47
SKU-2120,CH-APP,LOJA-03,447.43
SKU-2120,CH-FISICO,LOJA-01,475.25
SKU-2120,CH-FISICO,LOJA-02,480.0
SKU-2120,CH-FISICO,LOJA-03,470.5
SKU-2120,CH-FISICO,LOJA-04,484.75
SKU-2120,CH-FISICO,LOJA-05,465.74
SKU-2120,CH-TELEVENDAS,LOJA-TELEVENDAS,461.27
SKU-2121,CH-WEB,LOJA-WEB,598.97
SKU-2121,CH-APP,LOJA-01,581.0
SKU-2121,CH-APP,LOJA-02,586.81
SKU-2121,CH-APP,LOJA-03,575.19
SKU-2121,CH-FISICO,LOJA-01,610.95
SKU-2121,CH-FISICO,LOJA-02,617.06
SKU-2121,CH-FISICO,LOJA-03,604.84
SKU-2121,CH-FISICO,LOJA-04,623.17
SKU-2121,CH-FISICO,LOJA-05,598.73
SKU-2121,CH-TELEVENDAS,LOJA-TELEVENDAS,592.98
SKU-2122,CH-WEB,LOJA-WEB,301.27
SKU-2122,CH-APP,LOJA-01,292.23
SKU-2122,CH-APP,LOJA-02,295.15
SKU-2122,CH-APP,LOJA-03,289.31
SKU-2122,CH-FISICO,LOJA-01,307.3
SKU-2122,CH-FISICO,LOJA-02,310.37
SKU-2122,CH-FISICO,LOJA-03,304.22
SKU-2122,CH-FISICO,LOJA-04,313.44
SKU-2122,CH-FISICO,LOJA-05,301.15
SKU-2122,CH-TELEVENDAS,LOJA-TELEVENDAS,298.26
SKU-2123,CH-WEB,LOJA-WEB,146.69
SKU-2123,CH-APP,LOJA-01,142.29
SKU-2123,CH-APP,LOJA-02,143.71
SKU-2123,CH-APP,LOJA-03,140.87
SKU-2123,CH-FISICO,LOJA-01,149.62
SKU-2123,CH-FISICO,LOJA-02,151.12
SKU-2123,CH-FISICO,LOJA-03,148.13
SKU-2123,CH-FISICO,LOJA-04,152.62
SKU-2123,CH-FISICO,LOJA-05,146.63
SKU-2123,CH-TELEVENDAS,LOJA-TELEVENDAS,145.22
SKU-2124,CH-WEB,LOJA-WEB,16.01
SKU-2124,CH-APP,LOJA-01,15.53
SKU-2124,CH-APP,LOJA-02,15.68
SKU-2124,CH-APP,LOJA-03,15.37
SKU-2124,CH-FISICO,LOJA-01,16.33
SKU-2124,CH-FISICO,LOJA-02,16.49
SKU-2124,CH-FISICO,LOJA-03,16.17
SKU-2124,CH-FISICO,LOJA-04,16.66
SKU-2124,CH-FISICO,LOJA-05,16.0
SKU-2124,CH-TELEVENDAS,LOJA-TELEVENDAS,15.85
SKU-2125,CH-WEB,LOJA-WEB,18.42
SKU-2125,CH-APP,LOJA-01,17.87
SKU-2125,CH-APP,LOJA-02,18.05
SKU-2125,CH-APP,LOJA-03,17.69
SKU-2125,CH-FISICO,LOJA-01,18.79
SKU-2125,CH-FISICO,LOJA-02,18.98
SKU-2125,CH-FISICO,LOJA-03,18.6
SKU-2125,CH-FISICO,LOJA-04,19.16
SKU-2125,CH-FISICO,LOJA-05,18.41
SKU-2125,CH-TELEVENDAS,LOJA-TELEVENDAS,18.24
SKU-2126,CH-WEB,LOJA-WEB,3650.87
SKU-2126,CH-APP,LOJA-01,3541.34
SKU-2126,CH-APP,LOJA-02,3576.76
SKU-2126,CH-APP,LOJA-03,3505.93
SKU-2126,CH-FISICO,LOJA-01,3723.89
SKU-2126,CH-FISICO,LOJA-02,3761.13
SKU-2126,CH-FISICO,LOJA-03,3686.65
SKU-2126,CH-FISICO,LOJA-04,3798.37
SKU-2126,CH-FISICO,LOJA-05,3649.41
SKU-2126,CH-TELEVENDAS,LOJA-TELEVENDAS,3614.36
SKU-2127,CH-WEB,LOJA-WEB,5863.96
SKU-2127,CH-APP,LOJA-01,5688.04
SKU-2127,CH-APP,LOJA-02,5744.92
SKU-2127,CH-APP,LOJA-03,5631.16
SKU-2127,CH-FISICO,LOJA-01,5981.24
SKU-2127,CH-FISICO,LOJA-02,6041.05
SKU-2127,CH-FISICO,LOJA-03,5921.43
SKU-2127,CH-FISICO,LOJA-04,6100.86
SKU-2127,CH-FISICO,LOJA-05,5861.61
SKU-2127,CH-TELEVENDAS,LOJA-TELEVENDAS,5805.32
SKU-2128,CH-WEB,LOJA-WEB,1238.68
SKU-2128,CH-APP,LOJA-01,1201.52
SKU-2128,CH-APP,LOJA-02,1213.53
SKU-2128,CH-APP,LOJA-03,1189.5
SKU-2128,CH-FISICO,LOJA-01,1263.45
SKU-2128,CH-FISICO,LOJA-02,1276.09
SKU-2128,CH-FISICO,LOJA-03,1250.82
SKU-2128,CH-FISICO,LOJA-04,1288.72
SKU-2128,CH-FISICO,LOJA-05,1238.18
SKU-2128,CH-TELEVENDAS,LOJA-TELEVENDAS,1226.29
SKU-2129,CH-WEB,LOJA-WEB,201.31
SKU-2129,CH-APP,LOJA-01,195.27
SKU-2129,CH-APP,LOJA-02,197.22
SKU-2129,CH-APP,LOJA-03,193.32
SKU-2129,CH-FISICO,LOJA-01,205.34
SKU-2129,CH-FISICO,LOJA-02,207.39
SKU-2129,CH-FISICO,LOJA-03,203.28
SKU-2129,CH-FISICO,LOJA-04,209.44
SKU-2129,CH-FISICO,LOJA-05,201.23
SKU-2129,CH-TELEVENDAS,LOJA-TELEVENDAS,199.3
SKU-2130,CH-WEB,LOJA-WEB,203.03
SKU-2130,CH-APP,LOJA-01,196.94
SKU-2130,CH-APP,LOJA-02,198.91
SKU-2130,CH-APP,LOJA-03,194.97
SKU-2130,CH-FISICO,LOJA-01,207.09
SKU-2130,CH-FISICO,LOJA-02,209.16
SKU-2130,CH-FISICO,LOJA-03,205.02
SKU-2130,CH-FISICO,LOJA-04,211.23
SKU-2130,CH-FISICO,LOJA-05,202.95
SKU-2130,CH-TELEVENDAS,LOJA-TELEVENDAS,201.0
SKU-2131,CH-WEB,LOJA-WEB,71.8
SKU-2131,CH-APP,LOJA-01,69.65
SKU-2131,CH-APP,LOJA-02,70.34
SKU-2131,CH-APP,LOJA-03,68.95
SKU-2131,CH-FISICO,LOJA-01,73.24
SKU-2131,CH-FISICO,LOJA-02,73.97
SKU-2131,CH-FISICO,LOJA-03,72.5
SKU-2131,CH-FISICO,LOJA-04,74.7
SKU-2131,CH-FISICO,LOJA-05,71.77
SKU-2131,CH-TELEVENDAS,LOJA-TELEVENDAS,71.08
SKU-2132,CH-WEB,LOJA-WEB,80.77
SKU-2132,CH-APP,LOJA-01,78.35
SKU-2132,CH-APP,LOJA-02,79.13
SKU-2132,CH-APP,LOJA-03,77.56
SKU-2132,CH-FISICO,LOJA-01,82.39
SKU-2132,CH-FISICO,LOJA-02,83.21
SKU-2132,CH-FISICO,LOJA-03,81.56
SKU-2132,CH-FISICO,LOJA-04,84.03
SKU-2132,CH-FISICO,LOJA-05,80.74
SKU-2132,CH-TELEVENDAS,LOJA-TELEVENDAS,79.96
SKU-2133,CH-WEB,LOJA-WEB,47.8
SKU-2133,CH-APP,LOJA-01,46.37
SKU-2133,CH-APP,LOJA-02,46.83
SKU-2133,CH-APP,LOJA-03,45.9
SKU-2133,CH-FISICO,LOJA-01,48.76
SKU-2133,CH-FISICO,LOJA-02,49.24
SKU-2133,CH-FISICO,LOJA-03,48.27
SKU-2133,CH-FISICO,LOJA-04,49.73
SKU-2133,CH-FISICO,LOJA-05,47.78
SKU-2133,CH-TELEVENDAS,LOJA-TELEVENDAS,47.32
SKU-2134,CH-WEB,LOJA-WEB,11.21
SKU-2134,CH-APP,LOJA-01,10.87
SKU-2134,CH-APP,LOJA-02,10.98
SKU-2134,CH-APP,LOJA-03,10.76
SKU-2134,CH-FISICO,LOJA-01,11.43
SKU-2134,CH-FISICO,LOJA-02,11.55
SKU-2134,CH-FISICO,LOJA-03,11.32
SKU-2134,CH-FISICO,LOJA-04,11.66
SKU-2134,CH-FISICO,LOJA-05,11.21
SKU-2134,CH-TELEVENDAS,LOJA-TELEVENDAS,11.1
SKU-2135,CH-WEB,LOJA-WEB,7.57
SKU-2135,CH-APP,LOJA-01,7.34
SKU-2135,CH-APP,LOJA-02,7.42
SKU-2135,CH-APP,LOJA-03,7.27
SKU-2135,CH-FISICO,LOJA-01,7.72
SKU-2135,CH-FISICO,LOJA-02,7.8
SKU-2135,CH-FISICO,LOJA-03,7.64
SKU-2135,CH-FISICO,LOJA-04,7.88
SKU-2135,CH-FISICO,LOJA-05,7.57
SKU-2135,CH-TELEVENDAS,LOJA-TELEVENDAS,7.49
SKU-2136,CH-WEB,LOJA-WEB,4243.51
SKU-2136,CH-APP,LOJA-01,4116.2
SKU-2136,CH-APP,LOJA-02,4157.37
SKU-2136,CH-APP,LOJA-03,4075.04
SKU-2136,CH-FISICO,LOJA-01,4328.38
SKU-2136,CH-FISICO,LOJA-02,4371.66
SKU-2136,CH-FISICO,LOJA-03,4285.1
SKU-2136,CH-FISICO,LOJA-04,4414.95
SKU-2136,CH-FISICO,LOJA-05,4241.81
SKU-2136,CH-TELEVENDAS,LOJA-TELEVENDAS,4201.07
SKU-2137,CH-WEB,LOJA-WEB,1296.78
SKU-2137,CH-APP,LOJA-01,1257.88
SKU-2137,CH-APP,LOJA-02,1270.46
SKU-2137,CH-APP,LOJA-03,1245.3
SKU-2137,CH-FISICO,LOJA-01,1322.72
SKU-2137,CH-FISICO,LOJA-02,1335.94
SKU-2137,CH-FISICO,LOJA-03,1309.49
SKU-2137,CH-FISICO,LOJA-04,1349.17
SKU-2137,CH-FISICO,LOJA-05,1296.26
SKU-2137,CH-TELEVENDAS,LOJA-TELEVENDAS,1283.81
SKU-2138,CH-WEB,LOJA-WEB,360.17
SKU-2138,CH-APP,LOJA-01,349.36
SKU-2138,CH-APP,LOJA-02,352.86
SKU-2138,CH-APP,LOJA-03,345.87
SKU-2138,CH-FISICO,LOJA-01,367.37
SKU-2138,CH-FISICO,LOJA-02,371.05
SKU-2138,CH-FISICO,LOJA-03,363.7
SKU-2138,CH-FISICO,LOJA-04,374.72
SKU-2138,CH-FISICO,LOJA-05,360.03
SKU-2138,CH-TELEVENDAS,LOJA-TELEVENDAS,356.57
SKU-2139,CH-WEB,LOJA-WEB,168.66
SKU-2139,CH-APP,LOJA-01,163.6
SKU-2139,CH-APP,LOJA-02,165.24
SKU-2139,CH-APP,LOJA-03,161.96
SKU-2139,CH-FISICO,LOJA-01,172.03
SKU-2139,CH-FISICO,LOJA-02,173.75
SKU-2139,CH-FISICO,LOJA-03,170.31
SKU-2139,CH-FISICO,LOJA-04,175.47
SKU-2139,CH-FISICO,LOJA-05,168.59
SKU-2139,CH-TELEVENDAS,LOJA-TELEVENDAS,166.97
SKU-2140,CH-WEB,LOJA-WEB,654.88
SKU-2140,CH-APP,LOJA-01,635.23
SKU-2140,CH-APP,LOJA-02,641.59
SKU-2140,CH-APP,LOJA-03,628.88
SKU-2140,CH-FISICO,LOJA-01,667.98
SKU-2140,CH-FISICO,LOJA-02,674.66
SKU-2140,CH-FISICO,LOJA-03,661.3
SKU-2140,CH-FISICO,LOJA-04,681.34
SKU-2140,CH-FISICO,LOJA-05,654.62
SKU-2140,CH-TELEVENDAS,LOJA-TELEVENDAS,648.33
SKU-2141,CH-WEB,LOJA-WEB,471.08
SKU-2141,CH-APP,LOJA-01,456.95
SKU-2141,CH-APP,LOJA-02,461.52
SKU-2141,CH-APP,LOJA-03,452.38
SKU-2141,CH-FISICO,LOJA-01,480.5
SKU-2141,CH-FISICO,LOJA-02,485.31
SKU-2141,CH-FISICO,LOJA-03,475.7
SKU-2141,CH-FISICO,LOJA-04,490.11
SKU-2141,CH-FISICO,LOJA-05,470.89
SKU-2141,CH-TELEVENDAS,LOJA-TELEVENDAS,466.37
SKU-2142,CH-WEB,LOJA-WEB,353.46
SKU-2142,CH-APP,LOJA-01,342.86
SKU-2142,CH-APP,LOJA-02,346.28
SKU-2142,CH-APP,LOJA-03,339.43
SKU-2142,CH-FISICO,LOJA-01,360.53
SKU-2142,CH-FISICO,LOJA-02,364.13
SKU-2142,CH-FISICO,LOJA-03,356.92
SKU-2142,CH-FISICO,LOJA-04,367.74
SKU-2142,CH-FISICO,LOJA-05,353.32
SKU-2142,CH-TELEVENDAS,LOJA-TELEVENDAS,349.93
SKU-2143,CH-WEB,LOJA-WEB,39.81
SKU-2143,CH-APP,LOJA-01,38.62
SKU-2143,CH-APP,LOJA-02,39.0
SKU-2143,CH-APP,LOJA-03,38.23
SKU-2143,CH-FISICO,LOJA-01,40.61
SKU-2143,CH-FISICO,LOJA-02,41.01
SKU-2143,CH-FISICO,LOJA-03,40.2
SKU-2143,CH-FISICO,LOJA-04,41.42
SKU-2143,CH-FISICO,LOJA-05,39.79
SKU-2143,CH-TELEVENDAS,LOJA-TELEVENDAS,39.41
SKU-2144,CH-WEB,LOJA-WEB,18.57
SKU-2144,CH-APP,LOJA-01,18.01
SKU-2144,CH-APP,LOJA-02,18.19
SKU-2144,CH-APP,LOJA-03,17.83
SKU-2144,CH-FISICO,LOJA-01,18.94
SKU-2144,CH-FISICO,LOJA-02,19.13
SKU-2144,CH-FISICO,LOJA-03,18.75
SKU-2144,CH-FISICO,LOJA-04,19.32
SKU-2144,CH-FISICO,LOJA-05,18.56
SKU-2144,CH-TELEVENDAS,LOJA-TELEVENDAS,18.38
SKU-2145,CH-WEB,LOJA-WEB,18.12
SKU-2145,CH-APP,LOJA-01,17.58
SKU-2145,CH-APP,LOJA-02,17.75
SKU-2145,CH-APP,LOJA-03,17.4
SKU-2145,CH-FISICO,LOJA-01,18.48
SKU-2145,CH-FISICO,LOJA-02,18.67
SKU-2145,CH-FISICO,LOJA-03,18.3
SKU-2145,CH-FISICO,LOJA-04,18.85
SKU-2145,CH-FISICO,LOJA-05,18.11
SKU-2145,CH-TELEVENDAS,LOJA-TELEVENDAS,17.94
SKU-2146,CH-WEB,LOJA-WEB,5491.46
SKU-2146,CH-APP,LOJA-01,5326.72
SKU-2146,CH-APP,LOJA-02,5379.98
SKU-2146,CH-APP,LOJA-03,5273.45
SKU-2146,CH-FISICO,LOJA-01,5601.29
SKU-2146,CH-FISICO,LOJA-02,5657.3
SKU-2146,CH-FISICO,LOJA-03,5545.28
SKU-2146,CH-FISICO,LOJA-04,5713.31
SKU-2146,CH-FISICO,LOJA-05,5489.26
SKU-2146,CH-TELEVENDAS,LOJA-TELEVENDAS,5436.55
SKU-2147,CH-WEB,LOJA-WEB,4149.42
SKU-2147,CH-APP,LOJA-01,4024.94
SKU-2147,CH-APP,LOJA-02,4065.19
SKU-2147,CH-APP,LOJA-03,3984.69
SKU-2147,CH-FISICO,LOJA-01,4232.41
SKU-2147,CH-FISICO,LOJA-02,4274.73
SKU-2147,CH-FISICO,LOJA-03,4190.08
SKU-2147,CH-FISICO,LOJA-04,4317.06
SKU-2147,CH-FISICO,LOJA-05,4147.76
SKU-2147,CH-TELEVENDAS,LOJA-TELEVENDAS,4107.93
SKU-2148,CH-WEB,LOJA-WEB,1337.86
SKU-2148,CH-APP,LOJA-01,1297.72
SKU-2148,CH-APP,LOJA-02,1310.7
SKU-2148,CH-APP,LOJA-03,1284.75
SKU-2148,CH-FISICO,LOJA-01,1364.62
SKU-2148,CH-FISICO,LOJA-02,1378.26
SKU-2148,CH-FISICO,LOJA-03,1350.97
SKU-2148,CH-FISICO,LOJA-04,1391.91
SKU-2148,CH-FISICO,LOJA-05,1337.32
SKU-2148,CH-TELEVENDAS,LOJA-TELEVENDAS,1324.48
SKU-2149,CH-WEB,LOJA-WEB,280.49
SKU-2149,CH-APP,LOJA-01,272.08
SKU-2149,CH-APP,LOJA-02,274.8
SKU-2149,CH-APP,LOJA-03,269.35
SKU-2149,CH-FISICO,LOJA-01,286.1
SKU-2149,CH-FISICO,LOJA-02,288.96
SKU-2149,CH-FISICO,LOJA-03,283.24
SKU-2149,CH-FISICO,LOJA-04,291.82
SKU-2149,CH-FISICO,LOJA-05,280.38
SKU-2149,CH-TELEVENDAS,LOJA-TELEVENDAS,277.69
