external_id,name,price,description,image_url,category,attributes,is_active
SKU-2000,Pijama C&A Relaxed Fit Preto,645.93,"Pijama C&A no estilo Relaxed Fit para o Outlet. Confeccionada em Viscose, proporciona conforto e leveza durante todo o dia. Cor Preto, disponível no tamanho M. Ideal para uso casual, passeios e encontros casuais.",https://fake-cdn.com/images/produto_2000.jpg,"[""Roupas > Feminino > Pijamas"", ""Roupas > Feminino > Outlet"", ""C&A > Feminino"", ""Ofertas > Outlet de Moda""]","{""marca"": ""C&A"", ""tipo"": ""Pijama"", ""genero"": ""Feminino"", ""cor"": ""Preto"", ""tamanho"": ""M"", ""material"": ""Viscose"", ""temporada"": ""Outlet"", ""fit"": ""Relaxed Fit""}",True
SKU-2001,Jaqueta Animale Oversized Off White,110.44,"Jaqueta Animale no estilo Oversized para o Inverno. Confeccionada em Linho, proporciona conforto e leveza durante todo o dia. Cor Off White, disponível no tamanho PP. Ideal para uso casual, passeios e encontros casuais.",https://fake-cdn.com/images/produto_2001.jpg,"[""Roupas > Feminino > Jaquetas"", ""Roupas > Feminino > Inverno"", ""Animale > Feminino""]","{""marca"": ""Animale"", ""tipo"": ""Jaqueta"", ""genero"": ""Feminino"", ""cor"": ""Off White"", ""tamanho"": ""PP"", ""material"": ""Linho"", ""temporada"": ""Inverno"", ""fit"": ""Oversized""}",True
SKU-2002,Macacão Renner Relaxed Fit Bege,194.99,"Macacão Renner no estilo Relaxed Fit para o Inverno. Confeccionada em Moletom Fleece, proporciona conforto e leveza durante todo o dia. Cor Bege, disponível no tamanho GG. Ideal para uso casual, passeios e encontros casuais.",https://fake-cdn.com/images/produto_2002.jpg,"[""Roupas > Feminino > Macacãos"", ""Roupas > Feminino > Inverno"", ""Renner > Feminino""]","{""marca"": ""Renner"", ""tipo"": ""Macacão"", ""genero"": ""Feminino"", ""cor"": ""Bege"", ""tamanho"": ""GG"", ""material"": ""Moletom Fleece"", ""temporada"": ""Inverno"", ""fit"": ""Relaxed Fit""}",True
SKU-2003,Calça Legging Tigor T. Tigre Verde Água 3-6 meses,45.19,"Calça Legging infantil Tigor T. Tigre na cor Verde Água para crianças de 3-6 meses. Fabricado em Cotton Penteado, garantindo maciez e segurança para a pele sensível dos pequenos. Fechamento prático com botões de pressão. Lavar à máquina até 40°C.",https://fake-cdn.com/images/produto_2003.jpg,"[""Roupas > Infantil > Calça Leggings"", ""Roupas > Infantil > 3-6 meses"", ""Tigor T. Tigre > Infantil""]","{""marca"": ""Tigor T. Tigre"", ""tipo"": ""Calça Legging"", ""faixa_etaria"": ""3-6 meses"", ""cor"": ""Verde Água"", ""material"": ""Cotton Penteado"", ""fechamento"": ""Elástico"", ""lavagem"": ""Máquina até 40°C""}",True
SKU-2004,Bombom Sortido Lacta 400g,48.84,"Bombom Sortido Lacta, embalagem de 400g. Chocolate orgânico, sem glúten — com sabor intenso e textura cremosa que derrete na boca. Rico em cacau, fonte de antioxidantes flavonoides e feniletilamina que melhora o humor. Perfeito para presentear, sobremesas, fondue ou consumo puro como indulgência.",https://fake-cdn.com/images/produto_2004.jpg,"[""Alimentos > Chocolates e Doces"", ""Alimentos > Lacta"", ""Alimentos > Orgânicos e Naturais""]","{""marca"": ""Lacta"", ""subcategoria"": ""Chocolates e Doces"", ""peso_volume"": ""400g"", ""vegano"": false, ""sem_gluten"": true, ""organico"": true}",True
SKU-2005,Pipoca de Microondas Ruffles 80g,10.83,"Pipoca de Microondas Ruffles, embalagem de 80g. Snack sem glúten — crocante e saboroso para beliscar entre refeições ou em momentos de lazer. Textura irresistível, tempero característico, difícil de parar de comer. Ideal para festas, cinema, happy hour ou lanche rápido.",https://fake-cdn.com/images/produto_2005.jpg,"[""Alimentos > Snacks e Petiscos"", ""Alimentos > Ruffles""]","{""marca"": ""Ruffles"", ""subcategoria"": ""Snacks e Petiscos"", ""peso_volume"": ""80g"", ""vegano"": false, ""sem_gluten"": true, ""organico"": false}",True
SKU-2006,"Smart TV LG 50"" HD LED",9112.79,"Smart TV LG de 50 polegadas com resolução HD e tecnologia de painel LED. Sistema operacional Google TV com acesso a Netflix, Prime Video, YouTube e mais. Suporte a HDR10 para imagens com maior contraste e cores vivas. 4 entradas HDMI e conectividade Wi-Fi e Bluetooth integrados. Voltagem Bivolt.",https://fake-cdn.com/images/produto_2006.jpg,"[""Eletrônicos > TVs > HD"", ""Eletrônicos > TVs > LED"", ""LG > TVs""]","{""marca"": ""LG"", ""polegadas"": ""50"", ""resolucao"": ""HD"", ""tecnologia_painel"": ""LED"", ""sistema_operacional"": ""Google TV"", ""hdr"": ""HDR10"", ""portas_hdmi"": 4, ""smart_tv"": true, ""voltagem"": ""Bivolt"", ""wi_fi"": true, ""bluetooth"": true}",True
SKU-2007,Smartphone TCL TCL 40 XL 12GB/256GB Branco,6865.27,"Smartphone TCL TCL 40 XL com 12GB de RAM e 256GB de armazenamento interno. Câmera principal de 200MP para fotos e vídeos com alta definição. Bateria de 3500mAh com carregamento rápido, tela de 6.1"". Disponível na cor Branco.",https://fake-cdn.com/images/produto_2007.jpg,"[""Eletrônicos > Smartphones"", ""Eletrônicos > Smartphones > TCL"", ""TCL > Smartphones""]","{""marca"": ""TCL"", ""modelo"": ""TCL 40 XL"", ""ram"": ""12GB"", ""armazenamento"": ""256GB"", ""camera_principal"": ""200MP"", ""bateria"": ""3500mAh"", ""tela"": ""6.1\"""", ""cor"": ""Branco"", ""5g"": false, ""sistema"": ""Android""}",True
SKU-2008,Caixa de Som Portátil Multilaser Cinza ANC Com,1246.57,"Caixa de Som Portátil Multilaser com conectividade Com fio USB-C. Cancelamento ativo de ruído (ANC) para isolamento sonoro superior. Autonomia de bateria de 10 horas com uma única carga. Resistência à água IPX4. Design confortável na cor Cinza, ideal para uso diário, academia e viagens.",https://fake-cdn.com/images/produto_2008.jpg,"[""Eletrônicos > Áudio > Caixa de Som Portátils"", ""Multilaser > Áudio"", ""Eletrônicos > Áudio > Cancelamento de Ruído""]","{""marca"": ""Multilaser"", ""tipo"": ""Caixa de Som Portátil"", ""conectividade"": ""Com fio USB-C"", ""autonomia_bateria"": ""10 horas"", ""resistencia_agua"": ""IPX4"", ""cancelamento_ruido_anc"": true, ""cor"": ""Cinza"", ""microfone_integrado"": true}",True
SKU-2009,Torradeira Mondial Aço 1200W,344.68,"Torradeira Mondial fabricado em Aço Inox Escovado. Capacidade de 1200W, cor Preto. Resistente e fácil de limpar, ideal para cozinhas modernas. Voltagem: 110v.",https://fake-cdn.com/images/produto_2009.jpg,"[""Casa e Cozinha > Eletrodomésticos Pequenos"", ""Mondial > Casa e Cozinha""]","{""marca"": ""Mondial"", ""subcategoria"": ""Eletrodomésticos Pequenos"", ""produto"": ""Torradeira"", ""material"": ""Aço Inox Escovado"", ""capacidade"": ""1200W"", ""cor"": ""Preto"", ""compativel_inducao"": false, ""voltagem"": ""110v""}",True
SKU-2010,Calça de Moletom Hering Cropped Azul Marinho,323.85,"Calça de Moletom Hering no estilo Cropped para o Inverno. Confeccionada em Linho, proporciona conforto e leveza durante todo o dia. Cor Azul Marinho, disponível no tamanho M. Ideal para uso casual, passeios e encontros casuais.",https://fake-cdn.com/images/produto_2010.jpg,"[""Roupas > Feminino > Calça de Moletoms"", ""Roupas > Feminino > Inverno"", ""Hering > Feminino""]","{""marca"": ""Hering"", ""tipo"": ""Calça de Moletom"", ""genero"": ""Feminino"", ""cor"": ""Azul Marinho"", ""tamanho"": ""M"", ""material"": ""Linho"", ""temporada"": ""Inverno"", ""fit"": ""Cropped""}",True
SKU-2011,Pijama Farm Straight Lilás,85.77,"Pijama Farm no estilo Straight para o Inverno. Confeccionada em Seda Acetinada, proporciona conforto e leveza durante todo o dia. Cor Lilás, disponível no tamanho GG. Ideal para uso casual, passeios e encontros casuais.",https://fake-cdn.com/images/produto_2011.jpg,"[""Roupas > Feminino > Pijamas"", ""Roupas > Feminino > Inverno"", ""Farm > Feminino""]","{""marca"": ""Farm"", ""tipo"": ""Pijama"", ""genero"": ""Feminino"", ""cor"": ""Lilás"", ""tamanho"": ""GG"", ""material"": ""Seda Acetinada"", ""temporada"": ""Inverno"", ""fit"": ""Straight""}",True
SKU-2012,Camiseta Animale Relaxed Fit Caramelo,396.36,"Camiseta Animale no estilo Relaxed Fit para o Inverno. Confeccionada em Jeans Stretch, proporciona conforto e leveza durante todo o dia. Cor Caramelo, disponível no tamanho XGG. Ideal para uso casual, passeios e encontros casuais.",https://fake-cdn.com/images/produto_2012.jpg,"[""Roupas > Masculino > Camisetas"", ""Roupas > Masculino > Inverno"", ""Animale > Masculino""]","{""marca"": ""Animale"", ""tipo"": ""Camiseta"", ""genero"": ""Masculino"", ""cor"": ""Caramelo"", ""tamanho"": ""XGG"", ""material"": ""Jeans Stretch"", ""temporada"": ""Inverno"", ""fit"": ""Relaxed Fit""}",True
SKU-2013,Camiseta Infantil Carinhoso Branco 6-8 anos,73.39,"Camiseta Infantil infantil Carinhoso na cor Branco para crianças de 6-8 anos. Fabricado em Moletom Quentinho, garantindo maciez e segurança para a pele sensível dos pequenos. Fechamento prático com botões de pressão. Lavar à máquina até 40°C.",https://fake-cdn.com/images/produto_2013.jpg,"[""Roupas > Infantil > Camiseta Infantils"", ""Roupas > Infantil > 6-8 anos"", ""Carinhoso > Infantil""]","{""marca"": ""Carinhoso"", ""tipo"": ""Camiseta Infantil"", ""faixa_etaria"": ""6-8 anos"", ""cor"": ""Branco"", ""material"": ""Moletom Quentinho"", ""fechamento"": ""Elástico"", ""lavagem"": ""Máquina até 40°C""}",True
SKU-2014,Flocos de Milho Quaker 200g,21.08,"Flocos de Milho Quaker, embalagem de 200g. Cereal vegano — rico em fibras e carboidratos complexos para energia prolongada. Fonte de vitaminas e minerais, ideal no café da manhã com leite ou iogurte. Textura crocante, sabor adocicado, fornece saciedade e disposição para o dia.",https://fake-cdn.com/images/produto_2014.jpg,"[""Alimentos > Cereais Matinais"", ""Alimentos > Quaker"", ""Alimentos > Vegano""]","{""marca"": ""Quaker"", ""subcategoria"": ""Cereais Matinais"", ""peso_volume"": ""200g"", ""vegano"": true, ""sem_gluten"": false, ""organico"": false, ""integral"": true, ""fonte_de_fibras"": true}",True
SKU-2015,Arroz Parboilizado Namorado 1kg,27.13,"Arroz Parboilizado Namorado, embalagem de 1kg. Grão vegano, sem glúten — selecionado, cozimento uniforme e sabor neutro que combina com qualquer prato. Base da alimentação brasileira, fonte de carboidratos, proteínas vegetais e fibras. Rendimento superior, grãos soltos após o cozimento.",https://fake-cdn.com/images/produto_2015.jpg,"[""Alimentos > Arroz e Feijão"", ""Alimentos > Namorado"", ""Alimentos > Vegano""]","{""marca"": ""Namorado"", ""subcategoria"": ""Arroz e Feijão"", ""peso_volume"": ""1kg"", ""vegano"": true, ""sem_gluten"": true, ""organico"": false}",True
SKU-2016,"Smart TV Samsung 75"" 8K AMOLED",7440.05,"Smart TV Samsung de 75 polegadas com resolução 8K e tecnologia de painel AMOLED. Sistema operacional Roku TV com acesso a Netflix, Prime Video, YouTube e mais. Suporte a Sem HDR para imagens com maior contraste e cores vivas. 3 entradas HDMI e conectividade Wi-Fi e Bluetooth integrados. Voltagem Bivolt.",https://fake-cdn.com/images/produto_2016.jpg,"[""Eletrônicos > TVs > 8K"", ""Eletrônicos > TVs > AMOLED"", ""Samsung > TVs""]","{""marca"": ""Samsung"", ""polegadas"": ""75"", ""resolucao"": ""8K"", ""tecnologia_painel"": ""AMOLED"", ""sistema_operacional"": ""Roku TV"", ""hdr"": ""Sem HDR"", ""portas_hdmi"": 3, ""smart_tv"": true, ""voltagem"": ""Bivolt"", ""wi_fi"": true, ""bluetooth"": true}",True
SKU-2017,Smartphone TCL TCL 50 XL 16GB/512GB Branco,2739.56,"Smartphone TCL TCL 50 XL com 16GB de RAM e 512GB de armazenamento interno. Câmera principal de 64MP para fotos e vídeos com alta definição. Bateria de 5000mAh com carregamento rápido, tela de 7.0"". Conectividade 5G para velocidades ultrarrápidas. Disponível na cor Branco.",https://fake-cdn.com/images/produto_2017.jpg,"[""Eletrônicos > Smartphones"", ""Eletrônicos > Smartphones > TCL"", ""TCL > Smartphones"", ""Eletrônicos > Smartphones > 5G""]","{""marca"": ""TCL"", ""modelo"": ""TCL 50 XL"", ""ram"": ""16GB"", ""armazenamento"": ""512GB"", ""camera_principal"": ""64MP"", ""bateria"": ""5000mAh"", ""tela"": ""7.0\"""", ""cor"": ""Branco"", ""5g"": true, ""sistema"": ""Android""}",True
SKU-2018,Fone Gamer Beats Vermelho  Bluetooth,110.08,"Fone Gamer Beats com conectividade Bluetooth 5.0 + P2. Autonomia de bateria de 20 horas com uma única carga. Resistência à água Sem resistência à água. Design confortável na cor Vermelho, ideal para uso diário, academia e viagens.",https://fake-cdn.com/images/produto_2018.jpg,"[""Eletrônicos > Áudio > Fone Gamers"", ""Beats > Áudio""]","{""marca"": ""Beats"", ""tipo"": ""Fone Gamer"", ""conectividade"": ""Bluetooth 5.0 + P2"", ""autonomia_bateria"": ""20 horas"", ""resistencia_agua"": ""Sem resistência à água"", ""cancelamento_ruido_anc"": false, ""cor"": ""Vermelho"", ""microfone_integrado"": true}",True
SKU-2019,"Panela de Pressão Panelux Alumínio 4,5L",692.16,"Panela de Pressão Panelux fabricado em Alumínio com Antiaderente. Capacidade de 4,5L, cor Preto. Resistente e fácil de limpar, ideal para cozinhas modernas. Voltagem: Bivolt.",https://fake-cdn.com/images/produto_2019.jpg,"[""Casa e Cozinha > Panelas e Frigideiras"", ""Panelux > Casa e Cozinha""]","{""marca"": ""Panelux"", ""subcategoria"": ""Panelas e Frigideiras"", ""produto"": ""Panela de Pressão"", ""material"": ""Alumínio com Antiaderente"", ""capacidade"": ""4,5L"", ""cor"": ""Preto"", ""compativel_inducao"": false, ""voltagem"": ""Bivolt""}",True
SKU-2020,Shorts C&A Regular Fit Cinza Mescla,428.37,"Shorts C&A no estilo Regular Fit para o Meia Estação. Confeccionada em Algodão + Elastano, proporciona conforto e leveza durante todo o dia. Cor Cinza Mescla, disponível no tamanho GG. Ideal para uso casual, passeios e encontros casuais.",https://fake-cdn.com/images/produto_2020.jpg,"[""Roupas > Feminino > Shortss"", ""Roupas > Feminino > Meia Estação"", ""C&A > Feminino""]","{""marca"": ""C&A"", ""tipo"": ""Shorts"", ""genero"": ""Feminino"", ""cor"": ""Cinza Mescla"", ""tamanho"": ""GG"", ""material"": ""Algodão + Elastano"", ""temporada"": ""Meia Estação"", ""fit"": ""Regular Fit""}",True
SKU-2021,Macacão Forum Oversized Bege,643.78,"Macacão Forum no estilo Oversized para o Inverno. Confeccionada em Linho, proporciona conforto e leveza durante todo o dia. Cor Bege, disponível no tamanho GG. Ideal para uso casual, passeios e encontros casuais.",https://fake-cdn.com/images/produto_2021.jpg,"[""Roupas > Masculino > Macacãos"", ""Roupas > Masculino > Inverno"", ""Forum > Masculino""]","{""marca"": ""Forum"", ""tipo"": ""Macacão"", ""genero"": ""Masculino"", ""cor"": ""Bege"", ""tamanho"": ""GG"", ""material"": ""Linho"", ""temporada"": ""Inverno"", ""fit"": ""Oversized""}",True
SKU-2022,Camisa Social Farm Regular Fit Caramelo,349.56,"Camisa Social Farm no estilo Regular Fit para o Outlet. Confeccionada em Malha Premium, proporciona conforto e leveza durante todo o dia. Cor Caramelo, disponível no tamanho M. Ideal para uso casual, passeios e encontros casuais.",https://fake-cdn.com/images/produto_2022.jpg,"[""Roupas > Feminino > Camisa Socials"", ""Roupas > Feminino > Outlet"", ""Farm > Feminino"", ""Ofertas > Outlet de Moda""]","{""marca"": ""Farm"", ""tipo"": ""Camisa Social"", ""genero"": ""Feminino"", ""cor"": ""Caramelo"", ""tamanho"": ""M"", ""material"": ""Malha Premium"", ""temporada"": ""Outlet"", ""fit"": ""Regular Fit""}",True
SKU-2023,Macacão Lilica Ripilica Rosa 2-4 anos,164.29,"Macacão infantil Lilica Ripilica na cor Rosa para crianças de 2-4 anos. Fabricado em Malha 100% Algodão, garantindo maciez e segurança para a pele sensível dos pequenos. Fechamento prático com botões de pressão. Lavar à máquina até 40°C.",https://fake-cdn.com/images/produto_2023.jpg,"[""Roupas > Infantil > Macacãos"", ""Roupas > Infantil > 2-4 anos"", ""Lilica Ripilica > Infantil""]","{""marca"": ""Lilica Ripilica"", ""tipo"": ""Macacão"", ""faixa_etaria"": ""2-4 anos"", ""cor"": ""Rosa"", ""material"": ""Malha 100% Algodão"", ""fechamento"": ""Botão de Pressão"", ""lavagem"": ""Máquina até 40°C""}",True
SKU-2024,Café Torrado Moído Nescafé 10 cápsulas,43.71,"Café Torrado Moído Nescafé, embalagem de 10 cápsulas. Café torrado e moído com aroma intenso, teor de cafeína elevado para disposição e foco. Sabor encorpado com notas de amêndoa e caramelo, acidez equilibrada. Produto orgânico — para quem busca sabor e qualidade na xícara. Armazenar em local seco e fresco, longe da umidade.",https://fake-cdn.com/images/produto_2024.jpg,"[""Alimentos > Café e Chá"", ""Alimentos > Nescafé"", ""Alimentos > Orgânicos e Naturais""]","{""marca"": ""Nescafé"", ""subcategoria"": ""Café e Chá"", ""peso_volume"": ""10 cápsulas"", ""vegano"": false, ""sem_gluten"": false, ""organico"": true}",True
SKU-2025,Aveia em Flocos Kellogg's 200g,36.41,"Aveia em Flocos Kellogg's, embalagem de 200g. Cereal sem glúten — rico em fibras e carboidratos complexos para energia prolongada. Fonte de vitaminas e minerais, ideal no café da manhã com leite ou iogurte. Textura crocante, sabor adocicado, fornece saciedade e disposição para o dia.",https://fake-cdn.com/images/produto_2025.jpg,"[""Alimentos > Cereais Matinais"", ""Alimentos > Kellogg's""]","{""marca"": ""Kellogg's"", ""subcategoria"": ""Cereais Matinais"", ""peso_volume"": ""200g"", ""vegano"": false, ""sem_gluten"": true, ""organico"": false, ""integral"": true, ""fonte_de_fibras"": true}",True
SKU-2026,"Smart TV TCL 32"" HD QLED",4008.31,"Smart TV TCL de 32 polegadas com resolução HD e tecnologia de painel QLED. Sistema operacional Android TV com acesso a Netflix, Prime Video, YouTube e mais. Suporte a HDR10 para imagens com maior contraste e cores vivas. 3 entradas HDMI e conectividade Wi-Fi e Bluetooth integrados. Voltagem Bivolt.",https://fake-cdn.com/images/produto_2026.jpg,"[""Eletrônicos > TVs > HD"", ""Eletrônicos > TVs > QLED"", ""TCL > TVs""]","{""marca"": ""TCL"", ""polegadas"": ""32"", ""resolucao"": ""HD"", ""tecnologia_painel"": ""QLED"", ""sistema_operacional"": ""Android TV"", ""hdr"": ""HDR10"", ""portas_hdmi"": 3, ""smart_tv"": true, ""voltagem"": ""Bivolt"", ""wi_fi"": true, ""bluetooth"": true}",True
SKU-2027,Smartphone Apple iPhone 13 6GB/256GB Roxo,1057.06,"Smartphone Apple iPhone 13 com 6GB de RAM e 256GB de armazenamento interno. Câmera principal de 50MP para fotos e vídeos com alta definição. Bateria de 5500mAh com carregamento rápido, tela de 6.67"". Disponível na cor Roxo.",https://fake-cdn.com/images/produto_2027.jpg,"[""Eletrônicos > Smartphones"", ""Eletrônicos > Smartphones > Apple"", ""Apple > Smartphones""]","{""marca"": ""Apple"", ""modelo"": ""iPhone 13"", ""ram"": ""6GB"", ""armazenamento"": ""256GB"", ""camera_principal"": ""50MP"", ""bateria"": ""5500mAh"", ""tela"": ""6.67\"""", ""cor"": ""Roxo"", ""5g"": false, ""sistema"": ""iOS""}",True
SKU-2028,Fone Gamer Multilaser Azul ANC Bluetooth,886.48,"Fone Gamer Multilaser com conectividade Bluetooth 5.0 + P2. Cancelamento ativo de ruído (ANC) para isolamento sonoro superior. Autonomia de bateria de 20 horas com uma única carga. Resistência à água IPX5. Design confortável na cor Azul, ideal para uso diário, academia e viagens.",https://fake-cdn.com/images/produto_2028.jpg,"[""Eletrônicos > Áudio > Fone Gamers"", ""Multilaser > Áudio"", ""Eletrônicos > Áudio > Cancelamento de Ruído""]","{""marca"": ""Multilaser"", ""tipo"": ""Fone Gamer"", ""conectividade"": ""Bluetooth 5.0 + P2"", ""autonomia_bateria"": ""20 horas"", ""resistencia_agua"": ""IPX5"", ""cancelamento_ruido_anc"": true, ""cor"": ""Azul"", ""microfone_integrado"": true}",True
SKU-2029,Torradeira Oster Plástico 1200W,307.75,"Torradeira Oster fabricado em Plástico ABS + Aço Inox. Capacidade de 1200W, cor Vermelho. Resistente e fácil de limpar, ideal para cozinhas modernas. Voltagem: 220v.",https://fake-cdn.com/images/produto_2029.jpg,"[""Casa e Cozinha > Eletrodomésticos Pequenos"", ""Oster > Casa e Cozinha""]","{""marca"": ""Oster"", ""subcategoria"": ""Eletrodomésticos Pequenos"", ""produto"": ""Torradeira"", ""material"": ""Plástico ABS + Aço Inox"", ""capacidade"": ""1200W"", ""cor"": ""Vermelho"", ""compativel_inducao"": false, ""voltagem"": ""220v""}",True
SKU-2030,Shorts C&A Relaxed Fit Preto,200.07,"Shorts C&A no estilo Relaxed Fit para o Inverno. Confeccionada em Moletom Fleece, proporciona conforto e leveza durante todo o dia. Cor Preto, disponível no tamanho GG. Ideal para uso casual, passeios e encontros casuais.",https://fake-cdn.com/images/produto_2030.jpg,"[""Roupas > Feminino > Shortss"", ""Roupas > Feminino > Inverno"", ""C&A > Feminino""]","{""marca"": ""C&A"", ""tipo"": ""Shorts"", ""genero"": ""Feminino"", ""cor"": ""Preto"", ""tamanho"": ""GG"", ""material"": ""Moletom Fleece"", ""temporada"": ""Inverno"", ""fit"": ""Relaxed Fit""}",True
SKU-2031,Pijama Osklen Cropped Branco,502.58,"Pijama Osklen no estilo Cropped para o Outlet. Confeccionada em Moletom Fleece, proporciona conforto e leveza durante todo o dia. Cor Branco, disponível no tamanho XGG. Ideal para uso casual, passeios e encontros casuais.",https://fake-cdn.com/images/produto_2031.jpg,"[""Roupas > Feminino > Pijamas"", ""Roupas > Feminino > Outlet"", ""Osklen > Feminino"", ""Ofertas > Outlet de Moda""]","{""marca"": ""Osklen"", ""tipo"": ""Pijama"", ""genero"": ""Feminino"", ""cor"": ""Branco"", ""tamanho"": ""XGG"", ""material"": ""Moletom Fleece"", ""temporada"": ""Outlet"", ""fit"": ""Cropped""}",True
SKU-2032,Pijama Colcci Relaxed Fit Bege,554.28,"Pijama Colcci no estilo Relaxed Fit para o Outlet. Confeccionada em Seda Acetinada, proporciona conforto e leveza durante todo o dia. Cor Bege, disponível no tamanho GG. Ideal para uso casual, passeios e encontros casuais.",https://fake-cdn.com/images/produto_2032.jpg,"[""Roupas > Masculino > Pijamas"", ""Roupas > Masculino > Outlet"", ""Colcci > Masculino"", ""Ofertas > Outlet de Moda""]","{""marca"": ""Colcci"", ""tipo"": ""Pijama"", ""genero"": ""Masculino"", ""cor"": ""Bege"", ""tamanho"": ""GG"", ""material"": ""Seda Acetinada"", ""temporada"": ""Outlet"", ""fit"": ""Relaxed Fit""}",True
SKU-2033,Pijama Infantil Kyly Verde Água 6-8 anos,184.63,"Pijama Infantil infantil Kyly na cor Verde Água para crianças de 6-8 anos. Fabricado em Moletom Quentinho, garantindo maciez e segurança para a pele sensível dos pequenos. Fechamento prático com botões de pressão. Lavar à máquina até 40°C.",https://fake-cdn.com/images/produto_2033.jpg,"[""Roupas > Infantil > Pijama Infantils"", ""Roupas > Infantil > 6-8 anos"", ""Kyly > Infantil""]","{""marca"": ""Kyly"", ""tipo"": ""Pijama Infantil"", ""faixa_etaria"": ""6-8 anos"", ""cor"": ""Verde Água"", ""material"": ""Moletom Quentinho"", ""fechamento"": ""Elástico"", ""lavagem"": ""Máquina até 40°C""}",True
SKU-2034,Macarrão Parafuso Nissin 1kg,15.73,"Macarrão Parafuso Nissin, embalagem de 1kg. Massa sem glúten — de trigo selecionado, textura firme al dente após cozimento em torno de 8 minutos. Versátil para molhos vermelhos, brancos, pesto e receitas ao forno. Fonte de carboidratos, praticidade e rendimento para refeições completas da família.",https://fake-cdn.com/images/produto_2034.jpg,"[""Alimentos > Massas"", ""Alimentos > Nissin""]","{""marca"": ""Nissin"", ""subcategoria"": ""Massas"", ""peso_volume"": ""1kg"", ""vegano"": false, ""sem_gluten"": true, ""organico"": false, ""cozimento"": ""8 minutos""}",True
SKU-2035,Bombom Sortido Hershey's 100g,8.85,"Bombom Sortido Hershey's, embalagem de 100g. Chocolate sem glúten — com sabor intenso e textura cremosa que derrete na boca. Rico em cacau, fonte de antioxidantes flavonoides e feniletilamina que melhora o humor. Perfeito para presentear, sobremesas, fondue ou consumo puro como indulgência.",https://fake-cdn.com/images/produto_2035.jpg,"[""Alimentos > Chocolates e Doces"", ""Alimentos > Hershey's""]","{""marca"": ""Hershey's"", ""subcategoria"": ""Chocolates e Doces"", ""peso_volume"": ""100g"", ""vegano"": false, ""sem_gluten"": true, ""organico"": false}",True
SKU-2036,"Smart TV Philips 55"" Full HD AMOLED",4552.54,"Smart TV Philips de 55 polegadas com resolução Full HD e tecnologia de painel AMOLED. Sistema operacional Google TV com acesso a Netflix, Prime Video, YouTube e mais. Suporte a Dolby Vision para imagens com maior contraste e cores vivas. 2 entradas HDMI e conectividade Wi-Fi e Bluetooth integrados. Voltagem Bivolt.",https://fake-cdn.com/images/produto_2036.jpg,"[""Eletrônicos > TVs > Full HD"", ""Eletrônicos > TVs > AMOLED"", ""Philips > TVs""]","{""marca"": ""Philips"", ""polegadas"": ""55"", ""resolucao"": ""Full HD"", ""tecnologia_painel"": ""AMOLED"", ""sistema_operacional"": ""Google TV"", ""hdr"": ""Dolby Vision"", ""portas_hdmi"": 2, ""smart_tv"": true, ""voltagem"": ""Bivolt"", ""wi_fi"": true, ""bluetooth"": true}",True
SKU-2037,Smartphone Apple iPhone 15 Pro 8GB/128GB Branco,4558.22,"Smartphone Apple iPhone 15 Pro com 8GB de RAM e 128GB de armazenamento interno. Câmera principal de 50MP para fotos e vídeos com alta definição. Bateria de 5500mAh com carregamento rápido, tela de 6.8"". Disponível na cor Branco.",https://fake-cdn.com/images/produto_2037.jpg,"[""Eletrônicos > Smartphones"", ""Eletrônicos > Smartphones > Apple"", ""Apple > Smartphones""]","{""marca"": ""Apple"", ""modelo"": ""iPhone 15 Pro"", ""ram"": ""8GB"", ""armazenamento"": ""128GB"", ""camera_principal"": ""50MP"", ""bateria"": ""5500mAh"", ""tela"": ""6.8\"""", ""cor"": ""Branco"", ""5g"": false, ""sistema"": ""iOS""}",True
SKU-2038,Fone Gamer Anker Verde  Com,219.43,"Fone Gamer Anker com conectividade Com fio USB-C. Autonomia de bateria de 40 horas com uma única carga. Resistência à água Sem resistência à água. Design confortável na cor Verde, ideal para uso diário, academia e viagens.",https://fake-cdn.com/images/produto_2038.jpg,"[""Eletrônicos > Áudio > Fone Gamers"", ""Anker > Áudio""]","{""marca"": ""Anker"", ""tipo"": ""Fone Gamer"", ""conectividade"": ""Com fio USB-C"", ""autonomia_bateria"": ""40 horas"", ""resistencia_agua"": ""Sem resistência à água"", ""cancelamento_ruido_anc"": false, ""cor"": ""Verde"", ""microfone_integrado"": true}",True
SKU-2039,Conjunto de Tigelas Inox Ordene Aço 5L,89.75,"Conjunto de Tigelas Inox Ordene fabricado em Aço Inox 304. Capacidade de 5L, cor Prata. Resistente e fácil de limpar, ideal para cozinhas modernas. Voltagem: 220v.",https://fake-cdn.com/images/produto_2039.jpg,"[""Casa e Cozinha > Organização e Armazenamento"", ""Ordene > Casa e Cozinha""]","{""marca"": ""Ordene"", ""subcategoria"": ""Organização e Armazenamento"", ""produto"": ""Conjunto de Tigelas Inox"", ""material"": ""Aço Inox 304"", ""capacidade"": ""5L"", ""cor"": ""Prata"", ""compativel_inducao"": false, ""voltagem"": ""220v""}",True
SKU-2040,Camiseta Forum Cropped Branco,689.19,"Camiseta Forum no estilo Cropped para o Meia Estação. Confeccionada em Viscose, proporciona conforto e leveza durante todo o dia. Cor Branco, disponível no tamanho M. Ideal para uso casual, passeios e encontros casuais.",https://fake-cdn.com/images/produto_2040.jpg,"[""Roupas > Feminino > Camisetas"", ""Roupas > Feminino > Meia Estação"", ""Forum > Feminino""]","{""marca"": ""Forum"", ""tipo"": ""Camiseta"", ""genero"": ""Feminino"", ""cor"": ""Branco"", ""tamanho"": ""M"", ""material"": ""Viscose"", ""temporada"": ""Meia Estação"", ""fit"": ""Cropped""}",True
SKU-2041,Casaco Farm Regular Fit Cinza Mescla,361.5,"Casaco Farm no estilo Regular Fit para o Outlet. Confeccionada em Algodão 100%, proporciona conforto e leveza durante todo o dia. Cor Cinza Mescla, disponível no tamanho XGG. Ideal para uso casual, passeios e encontros casuais.",https://fake-cdn.com/images/produto_2041.jpg,"[""Roupas > Feminino > Casacos"", ""Roupas > Feminino > Outlet"", ""Farm > Feminino"", ""Ofertas > Outlet de Moda""]","{""marca"": ""Farm"", ""tipo"": ""Casaco"", ""genero"": ""Feminino"", ""cor"": ""Cinza Mescla"", ""tamanho"": ""XGG"", ""material"": ""Algodão 100%"", ""temporada"": ""Outlet"", ""fit"": ""Regular Fit""}",True
SKU-2042,Blusa Renner Cropped Rosa Claro,416.04,"Blusa Renner no estilo Cropped para o Outlet. Confeccionada em Viscose, proporciona conforto e leveza durante todo o dia. Cor Rosa Claro, disponível no tamanho XGG. Ideal para uso casual, passeios e encontros casuais.",https://fake-cdn.com/images/produto_2042.jpg,"[""Roupas > Masculino > Blusas"", ""Roupas > Masculino > Outlet"", ""Renner > Masculino"", ""Ofertas > Outlet de Moda""]","{""marca"": ""Renner"", ""tipo"": ""Blusa"", ""genero"": ""Masculino"", ""cor"": ""Rosa Claro"", ""tamanho"": ""XGG"", ""material"": ""Viscose"", ""temporada"": ""Outlet"", ""fit"": ""Cropped""}",True
SKU-2043,Body Alphabeto Rosa 3-6 meses,106.68,"Body infantil Alphabeto na cor Rosa para crianças de 3-6 meses. Fabricado em Ribana Stretch, garantindo maciez e segurança para a pele sensível dos pequenos. Fechamento prático com botões de pressão. Lavar à máquina até 40°C.",https://fake-cdn.com/images/produto_2043.jpg,"[""Roupas > Infantil > Bodys"", ""Roupas > Infantil > 3-6 meses"", ""Alphabeto > Infantil""]","{""marca"": ""Alphabeto"", ""tipo"": ""Body"", ""faixa_etaria"": ""3-6 meses"", ""cor"": ""Rosa"", ""material"": ""Ribana Stretch"", ""fechamento"": ""Botão de Pressão"", ""lavagem"": ""Máquina até 40°C""}",True
SKU-2044,Chá de Camomila 3 Corações 250g,36.16,"Chá de Camomila 3 Corações, embalagem de 250g. Chá de camomila com propriedades calmantes e ansiolíticas, auxilia no sono e no relaxamento. Sem cafeína, indicado para à noite ou em momentos de estresse. Sabor suave e floral, anti-inflamatório natural. Produto para quem busca sabor e qualidade na xícara. Armazenar em local seco e fresco, longe da umidade.",https://fake-cdn.com/images/produto_2044.jpg,"[""Alimentos > Café e Chá"", ""Alimentos > 3 Corações""]","{""marca"": ""3 Corações"", ""subcategoria"": ""Café e Chá"", ""peso_volume"": ""250g"", ""vegano"": false, ""sem_gluten"": false, ""organico"": false}",True
SKU-2045,Café Torrado Moído Leão 500g,14.89,"Café Torrado Moído Leão, embalagem de 500g. Café torrado e moído com aroma intenso, teor de cafeína elevado para disposição e foco. Sabor encorpado com notas de amêndoa e caramelo, acidez equilibrada. Produto vegano — para quem busca sabor e qualidade na xícara. Armazenar em local seco e fresco, longe da umidade.",https://fake-cdn.com/images/produto_2045.jpg,"[""Alimentos > Café e Chá"", ""Alimentos > Leão"", ""Alimentos > Vegano""]","{""marca"": ""Leão"", ""subcategoria"": ""Café e Chá"", ""peso_volume"": ""500g"", ""vegano"": true, ""sem_gluten"": false, ""organico"": false}",True
SKU-2046,"Smart TV Hisense 32"" Full HD Mini LED",4670.29,"Smart TV Hisense de 32 polegadas com resolução Full HD e tecnologia de painel Mini LED. Sistema operacional WebOS com acesso a Netflix, Prime Video, YouTube e mais. Suporte a HLG para imagens com maior contraste e cores vivas. 2 entradas HDMI e conectividade Wi-Fi e Bluetooth integrados. Voltagem Bivolt.",https://fake-cdn.com/images/produto_2046.jpg,"[""Eletrônicos > TVs > Full HD"", ""Eletrônicos > TVs > Mini LED"", ""Hisense > TVs""]","{""marca"": ""Hisense"", ""polegadas"": ""32"", ""resolucao"": ""Full HD"", ""tecnologia_painel"": ""Mini LED"", ""sistema_operacional"": ""WebOS"", ""hdr"": ""HLG"", ""portas_hdmi"": 2, ""smart_tv"": true, ""voltagem"": ""Bivolt"", ""wi_fi"": true, ""bluetooth"": true}",True
SKU-2047,Smartphone Samsung Galaxy A34 6GB/512GB Roxo,3866.41,"Smartphone Samsung Galaxy A34 com 6GB de RAM e 512GB de armazenamento interno. Câmera principal de 50MP para fotos e vídeos com alta definição. Bateria de 6000mAh com carregamento rápido, tela de 5.0"". Disponível na cor Roxo.",https://fake-cdn.com/images/produto_2047.jpg,"[""Eletrônicos > Smartphones"", ""Eletrônicos > Smartphones > Samsung"", ""Samsung > Smartphones""]","{""marca"": ""Samsung"", ""modelo"": ""Galaxy A34"", ""ram"": ""6GB"", ""armazenamento"": ""512GB"", ""camera_principal"": ""50MP"", ""bateria"": ""6000mAh"", ""tela"": ""5.0\"""", ""cor"": ""Roxo"", ""5g"": false, ""sistema"": ""Android""}",True
SKU-2048,Fone Gamer JBL Azul  Bluetooth,1120.96,"Fone Gamer JBL com conectividade Bluetooth 5.0 + P2. Autonomia de bateria de 20 horas com uma única carga. Resistência à água IPX5. Design confortável na cor Azul, ideal para uso diário, academia e viagens.",https://fake-cdn.com/images/produto_2048.jpg,"[""Eletrônicos > Áudio > Fone Gamers"", ""JBL > Áudio""]","{""marca"": ""JBL"", ""tipo"": ""Fone Gamer"", ""conectividade"": ""Bluetooth 5.0 + P2"", ""autonomia_bateria"": ""20 horas"", ""resistencia_agua"": ""IPX5"", ""cancelamento_ruido_anc"": false, ""cor"": ""Azul"", ""microfone_integrado"": true}",True
SKU-2049,Conjunto de Potes Herméticos Coza Aço 1L,41.92,"Conjunto de Potes Herméticos Coza fabricado em Aço Inox 304. Capacidade de 1L, cor Vermelho. Resistente e fácil de limpar, ideal para cozinhas modernas. Voltagem: 220v.",https://fake-cdn.com/images/produto_2049.jpg,"[""Casa e Cozinha > Organização e Armazenamento"", ""Coza > Casa e Cozinha""]","{""marca"": ""Coza"", ""subcategoria"": ""Organização e Armazenamento"", ""produto"": ""Conjunto de Potes Herméticos"", ""material"": ""Aço Inox 304"", ""capacidade"": ""1L"", ""cor"": ""Vermelho"", ""compativel_inducao"": false, ""voltagem"": ""220v""}",True
SKU-2050,Calça Jeans Riachuelo Straight Off White,227.21,"Calça Jeans Riachuelo no estilo Straight para o Meia Estação. Confeccionada em Jeans Stretch, proporciona conforto e leveza durante todo o dia. Cor Off White, disponível no tamanho M. Ideal para uso casual, passeios e encontros casuais.",https://fake-cdn.com/images/produto_2050.jpg,"[""Roupas > Feminino > Calça Jeanss"", ""Roupas > Feminino > Meia Estação"", ""Riachuelo > Feminino""]","{""marca"": ""Riachuelo"", ""tipo"": ""Calça Jeans"", ""genero"": ""Feminino"", ""cor"": ""Off White"", ""tamanho"": ""M"", ""material"": ""Jeans Stretch"", ""temporada"": ""Meia Estação"", ""fit"": ""Straight""}",True
SKU-2051,Macacão Renner Oversized Verde Militar,645.13,"Macacão Renner no estilo Oversized para o Verão. Confeccionada em Jeans Stretch, proporciona conforto e leveza durante todo o dia. Cor Verde Militar, disponível no tamanho PP. Ideal para uso casual, passeios e encontros casuais.",https://fake-cdn.com/images/produto_2051.jpg,"[""Roupas > Feminino > Macacãos"", ""Roupas > Feminino > Verão"", ""Renner > Feminino""]","{""marca"": ""Renner"", ""tipo"": ""Macacão"", ""genero"": ""Feminino"", ""cor"": ""Verde Militar"", ""tamanho"": ""PP"", ""material"": ""Jeans Stretch"", ""temporada"": ""Verão"", ""fit"": ""Oversized""}",True
SKU-2052,Camisa Social Farm Cropped Azul Claro,424.78,"Camisa Social Farm no estilo Cropped para o Inverno. Confeccionada em Lã Merino, proporciona conforto e leveza durante todo o dia. Cor Azul Claro, disponível no tamanho PP. Ideal para uso casual, passeios e encontros casuais.",https://fake-cdn.com/images/produto_2052.jpg,"[""Roupas > Feminino > Camisa Socials"", ""Roupas > Feminino > Inverno"", ""Farm > Feminino""]","{""marca"": ""Farm"", ""tipo"": ""Camisa Social"", ""genero"": ""Feminino"", ""cor"": ""Azul Claro"", ""tamanho"": ""PP"", ""material"": ""Lã Merino"", ""temporada"": ""Inverno"", ""fit"": ""Cropped""}",True
SKU-2053,Shorts Infantil Tigor T. Tigre Estampado Divertido 8-10 anos,47.29,"Shorts Infantil infantil Tigor T. Tigre na cor Estampado Divertido para crianças de 8-10 anos. Fabricado em Moletom Quentinho, garantindo maciez e segurança para a pele sensível dos pequenos. Fechamento prático com botões de pressão. Lavar à máquina até 40°C.",https://fake-cdn.com/images/produto_2053.jpg,"[""Roupas > Infantil > Shorts Infantils"", ""Roupas > Infantil > 8-10 anos"", ""Tigor T. Tigre > Infantil""]","{""marca"": ""Tigor T. Tigre"", ""tipo"": ""Shorts Infantil"", ""faixa_etaria"": ""8-10 anos"", ""cor"": ""Estampado Divertido"", ""material"": ""Moletom Quentinho"", ""fechamento"": ""Elástico"", ""lavagem"": ""Máquina até 40°C""}",True
SKU-2054,Café Torrado Moído Pilão 10 cápsulas,38.51,"Café Torrado Moído Pilão, embalagem de 10 cápsulas. Café torrado e moído com aroma intenso, teor de cafeína elevado para disposição e foco. Sabor encorpado com notas de amêndoa e caramelo, acidez equilibrada. Produto orgânico, vegano — para quem busca sabor e qualidade na xícara. Armazenar em local seco e fresco, longe da umidade.",https://fake-cdn.com/images/produto_2054.jpg,"[""Alimentos > Café e Chá"", ""Alimentos > Pilão"", ""Alimentos > Orgânicos e Naturais"", ""Alimentos > Vegano""]","{""marca"": ""Pilão"", ""subcategoria"": ""Café e Chá"", ""peso_volume"": ""10 cápsulas"", ""vegano"": true, ""sem_gluten"": false, ""organico"": true}",True
SKU-2055,Café em Cápsulas Pilão 500g,13.55,"Café em Cápsulas Pilão, embalagem de 500g. Café em cápsulas compatíveis com máquinas espresso, extração pressurizada que preserva os óleos aromáticos. Crema densa, cafeína concentrada e sabor intenso. Produto vegano, sem glúten — para quem busca sabor e qualidade na xícara. Armazenar em local seco e fresco, longe da umidade.",https://fake-cdn.com/images/produto_2055.jpg,"[""Alimentos > Café e Chá"", ""Alimentos > Pilão"", ""Alimentos > Vegano""]","{""marca"": ""Pilão"", ""subcategoria"": ""Café e Chá"", ""peso_volume"": ""500g"", ""vegano"": true, ""sem_gluten"": true, ""organico"": false}",True
SKU-2056,"Smart TV Sony 43"" 8K OLED",2726.67,"Smart TV Sony de 43 polegadas com resolução 8K e tecnologia de painel OLED. Sistema operacional Google TV com acesso a Netflix, Prime Video, YouTube e mais. Suporte a Sem HDR para imagens com maior contraste e cores vivas. 4 entradas HDMI e conectividade Wi-Fi e Bluetooth integrados. Voltagem Bivolt.",https://fake-cdn.com/images/produto_2056.jpg,"[""Eletrônicos > TVs > 8K"", ""Eletrônicos > TVs > OLED"", ""Sony > TVs""]","{""marca"": ""Sony"", ""polegadas"": ""43"", ""resolucao"": ""8K"", ""tecnologia_painel"": ""OLED"", ""sistema_operacional"": ""Google TV"", ""hdr"": ""Sem HDR"", ""portas_hdmi"": 4, ""smart_tv"": true, ""voltagem"": ""Bivolt"", ""wi_fi"": true, ""bluetooth"": true}",True
SKU-2057,Smartphone Samsung Galaxy A54 8GB/256GB Grafite,1854.56,"Smartphone Samsung Galaxy A54 com 8GB de RAM e 256GB de armazenamento interno. Câmera principal de 64MP para fotos e vídeos com alta definição. Bateria de 6000mAh com carregamento rápido, tela de 7.0"". Disponível na cor Grafite.",https://fake-cdn.com/images/produto_2057.jpg,"[""Eletrônicos > Smartphones"", ""Eletrônicos > Smartphones > Samsung"", ""Samsung > Smartphones""]","{""marca"": ""Samsung"", ""modelo"": ""Galaxy A54"", ""ram"": ""8GB"", ""armazenamento"": ""256GB"", ""camera_principal"": ""64MP"", ""bateria"": ""6000mAh"", ""tela"": ""7.0\"""", ""cor"": ""Grafite"", ""5g"": false, ""sistema"": ""Android""}",True
SKU-2058,Soundbar JBL Preto ANC Bluetooth,1925.49,"Soundbar JBL com conectividade Bluetooth 5.3. Cancelamento ativo de ruído (ANC) para isolamento sonoro superior. Autonomia de bateria de 40 horas com uma única carga. Resistência à água IPX4. Design confortável na cor Preto, ideal para uso diário, academia e viagens.",https://fake-cdn.com/images/produto_2058.jpg,"[""Eletrônicos > Áudio > Soundbars"", ""JBL > Áudio"", ""Eletrônicos > Áudio > Cancelamento de Ruído""]","{""marca"": ""JBL"", ""tipo"": ""Soundbar"", ""conectividade"": ""Bluetooth 5.3"", ""autonomia_bateria"": ""40 horas"", ""resistencia_agua"": ""IPX4"", ""cancelamento_ruido_anc"": true, ""cor"": ""Preto"", ""microfone_integrado"": true}",True
SKU-2059,Tábua de Corte Bambu Coza Bambu 500ml,42.14,"Tábua de Corte Bambu Coza fabricado em Bambu Natural. Capacidade de 500ml, cor Preto. Compatível com fogão de indução. Resistente e fácil de limpar, ideal para cozinhas modernas. Voltagem: 220v.",https://fake-cdn.com/images/produto_2059.jpg,"[""Casa e Cozinha > Organização e Armazenamento"", ""Coza > Casa e Cozinha"", ""Casa e Cozinha > Compatível com Indução""]","{""marca"": ""Coza"", ""subcategoria"": ""Organização e Armazenamento"", ""produto"": ""Tábua de Corte Bambu"", ""material"": ""Bambu Natural"", ""capacidade"": ""500ml"", ""cor"": ""Preto"", ""compativel_inducao"": true, ""voltagem"": ""220v""}",True
SKU-2060,Vestido Zara Straight Rosa Claro,458.56,"Vestido Zara no estilo Straight para o Outlet. Confeccionada em Jeans Stretch, proporciona conforto e leveza durante todo o dia. Cor Rosa Claro, disponível no tamanho P. Ideal para uso casual, passeios e encontros casuais.",https://fake-cdn.com/images/produto_2060.jpg,"[""Roupas > Masculino > Vestidos"", ""Roupas > Masculino > Outlet"", ""Zara > Masculino"", ""Ofertas > Outlet de Moda""]","{""marca"": ""Zara"", ""tipo"": ""Vestido"", ""genero"": ""Masculino"", ""cor"": ""Rosa Claro"", ""tamanho"": ""P"", ""material"": ""Jeans Stretch"", ""temporada"": ""Outlet"", ""fit"": ""Straight""}",True
SKU-2061,Moletom Renner Oversized Caramelo,183.47,"Moletom Renner no estilo Oversized para o Inverno. Confeccionada em Seda Acetinada, proporciona conforto e leveza durante todo o dia. Cor Caramelo, disponível no tamanho GG. Ideal para uso casual, passeios e encontros casuais.",https://fake-cdn.com/images/produto_2061.jpg,"[""Roupas > Masculino > Moletoms"", ""Roupas > Masculino > Inverno"", ""Renner > Masculino""]","{""marca"": ""Renner"", ""tipo"": ""Moletom"", ""genero"": ""Masculino"", ""cor"": ""Caramelo"", ""tamanho"": ""GG"", ""material"": ""Seda Acetinada"", ""temporada"": ""Inverno"", ""fit"": ""Oversized""}",True
SKU-2062,Calça Jeans Osklen Slim Fit Caramelo,503.96,"Calça Jeans Osklen no estilo Slim Fit para o Outlet. Confeccionada em Jeans Stretch, proporciona conforto e leveza durante todo o dia. Cor Caramelo, disponível no tamanho G. Ideal para uso casual, passeios e encontros casuais.",https://fake-cdn.com/images/produto_2062.jpg,"[""Roupas > Feminino > Calça Jeanss"", ""Roupas > Feminino > Outlet"", ""Osklen > Feminino"", ""Ofertas > Outlet de Moda""]","{""marca"": ""Osklen"", ""tipo"": ""Calça Jeans"", ""genero"": ""Feminino"", ""cor"": ""Caramelo"", ""tamanho"": ""G"", ""material"": ""Jeans Stretch"", ""temporada"": ""Outlet"", ""fit"": ""Slim Fit""}",True
SKU-2063,Macacão Tip Top Verde Água 2-4 anos,60.52,"Macacão infantil Tip Top na cor Verde Água para crianças de 2-4 anos. Fabricado em Suedine Macio, garantindo maciez e segurança para a pele sensível dos pequenos. Fechamento prático com botões de pressão. Lavar à máquina até 40°C.",https://fake-cdn.com/images/produto_2063.jpg,"[""Roupas > Infantil > Macacãos"", ""Roupas > Infantil > 2-4 anos"", ""Tip Top > Infantil""]","{""marca"": ""Tip Top"", ""tipo"": ""Macacão"", ""faixa_etaria"": ""2-4 anos"", ""cor"": ""Verde Água"", ""material"": ""Suedine Macio"", ""fechamento"": ""Botão de Pressão"", ""lavagem"": ""Máquina até 40°C""}",True
SKU-2064,Macarrão Parafuso La Molisana 1kg,17.91,"Macarrão Parafuso La Molisana, embalagem de 1kg. Massa vegano — de trigo selecionado, textura firme al dente após cozimento em torno de 8 minutos. Versátil para molhos vermelhos, brancos, pesto e receitas ao forno. Fonte de carboidratos, praticidade e rendimento para refeições completas da família.",https://fake-cdn.com/images/produto_2064.jpg,"[""Alimentos > Massas"", ""Alimentos > La Molisana"", ""Alimentos > Vegano""]","{""marca"": ""La Molisana"", ""subcategoria"": ""Massas"", ""peso_volume"": ""1kg"", ""vegano"": true, ""sem_gluten"": false, ""organico"": false, ""cozimento"": ""8 minutos""}",True
SKU-2065,Chá Verde 3 Corações 250g,22.31,"Chá Verde 3 Corações, embalagem de 250g. Chá verde rico em antioxidantes catequinas e EGCG, auxilia no emagrecimento e acelera o metabolismo. Cafeína suave para energia sem ansiedade, propriedades anti-inflamatórias e termogênicas. Sabor levemente herbáceo e adstringente. Produto para quem busca sabor e qualidade na xícara. Armazenar em local seco e fresco, longe da umidade.",https://fake-cdn.com/images/produto_2065.jpg,"[""Alimentos > Café e Chá"", ""Alimentos > 3 Corações""]","{""marca"": ""3 Corações"", ""subcategoria"": ""Café e Chá"", ""peso_volume"": ""250g"", ""vegano"": false, ""sem_gluten"": false, ""organico"": false}",True
SKU-2066,"Smart TV Samsung 75"" HD QLED",8120.95,"Smart TV Samsung de 75 polegadas com resolução HD e tecnologia de painel QLED. Sistema operacional Tizen com acesso a Netflix, Prime Video, YouTube e mais. Suporte a Dolby Vision para imagens com maior contraste e cores vivas. 2 entradas HDMI e conectividade Wi-Fi e Bluetooth integrados. Voltagem Bivolt.",https://fake-cdn.com/images/produto_2066.jpg,"[""Eletrônicos > TVs > HD"", ""Eletrônicos > TVs > QLED"", ""Samsung > TVs""]","{""marca"": ""Samsung"", ""polegadas"": ""75"", ""resolucao"": ""HD"", ""tecnologia_painel"": ""QLED"", ""sistema_operacional"": ""Tizen"", ""hdr"": ""Dolby Vision"", ""portas_hdmi"": 2, ""smart_tv"": true, ""voltagem"": ""Bivolt"", ""wi_fi"": true, ""bluetooth"": true}",True
SKU-2067,Smartphone Realme Realme C53 16GB/64GB Preto,4459.17,"Smartphone Realme Realme C53 com 16GB de RAM e 64GB de armazenamento interno. Câmera principal de 108MP para fotos e vídeos com alta definição. Bateria de 5500mAh com carregamento rápido, tela de 6.1"". Disponível na cor Preto.",https://fake-cdn.com/images/produto_2067.jpg,"[""Eletrônicos > Smartphones"", ""Eletrônicos > Smartphones > Realme"", ""Realme > Smartphones""]","{""marca"": ""Realme"", ""modelo"": ""Realme C53"", ""ram"": ""16GB"", ""armazenamento"": ""64GB"", ""camera_principal"": ""108MP"", ""bateria"": ""5500mAh"", ""tela"": ""6.1\"""", ""cor"": ""Preto"", ""5g"": false, ""sistema"": ""Android""}",True
SKU-2068,Soundbar Beats Cinza  Com,1641.35,"Soundbar Beats com conectividade Com fio USB-C. Autonomia de bateria de 10 horas com uma única carga. Resistência à água IPX5. Design confortável na cor Cinza, ideal para uso diário, academia e viagens.",https://fake-cdn.com/images/produto_2068.jpg,"[""Eletrônicos > Áudio > Soundbars"", ""Beats > Áudio""]","{""marca"": ""Beats"", ""tipo"": ""Soundbar"", ""conectividade"": ""Com fio USB-C"", ""autonomia_bateria"": ""10 horas"", ""resistencia_agua"": ""IPX5"", ""cancelamento_ruido_anc"": false, ""cor"": ""Cinza"", ""microfone_integrado"": true}",True
SKU-2069,Wok Antiaderente Tramontina Aço 20cm,447.73,"Wok Antiaderente Tramontina fabricado em Aço Inox Triplo Fundo. Capacidade de 20cm, cor Preto. Compatível com fogão de indução. Resistente e fácil de limpar, ideal para cozinhas modernas. Voltagem: 110v.",https://fake-cdn.com/images/produto_2069.jpg,"[""Casa e Cozinha > Panelas e Frigideiras"", ""Tramontina > Casa e Cozinha"", ""Casa e Cozinha > Compatível com Indução""]","{""marca"": ""Tramontina"", ""subcategoria"": ""Panelas e Frigideiras"", ""produto"": ""Wok Antiaderente"", ""material"": ""Aço Inox Triplo Fundo"", ""capacidade"": ""20cm"", ""cor"": ""Preto"", ""compativel_inducao"": true, ""voltagem"": ""110v""}",True
SKU-2070,Casaco Zara Slim Fit Branco,555.7,"Casaco Zara no estilo Slim Fit para o Verão. Confeccionada em Jeans Stretch, proporciona conforto e leveza durante todo o dia. Cor Branco, disponível no tamanho GG. Ideal para uso casual, passeios e encontros casuais.",https://fake-cdn.com/images/produto_2070.jpg,"[""Roupas > Masculino > Casacos"", ""Roupas > Masculino > Verão"", ""Zara > Masculino""]","{""marca"": ""Zara"", ""tipo"": ""Casaco"", ""genero"": ""Masculino"", ""cor"": ""Branco"", ""tamanho"": ""GG"", ""material"": ""Jeans Stretch"", ""temporada"": ""Verão"", ""fit"": ""Slim Fit""}",True
SKU-2071,Camisa Social Riachuelo Cropped Bege,601.75,"Camisa Social Riachuelo no estilo Cropped para o Outlet. Confeccionada em Poliéster Reciclado, proporciona conforto e leveza durante todo o dia. Cor Bege, disponível no tamanho XGG. Ideal para uso casual, passeios e encontros casuais.",https://fake-cdn.com/images/produto_2071.jpg,"[""Roupas > Masculino > Camisa Socials"", ""Roupas > Masculino > Outlet"", ""Riachuelo > Masculino"", ""Ofertas > Outlet de Moda""]","{""marca"": ""Riachuelo"", ""tipo"": ""Camisa Social"", ""genero"": ""Masculino"", ""cor"": ""Bege"", ""tamanho"": ""XGG"", ""material"": ""Poliéster Reciclado"", ""temporada"": ""Outlet"", ""fit"": ""Cropped""}",True
SKU-2072,Casaco C&A Straight Lilás,300.67,"Casaco C&A no estilo Straight para o Outlet. Confeccionada em Jeans Stretch, proporciona conforto e leveza durante todo o dia. Cor Lilás, disponível no tamanho PP. Ideal para uso casual, passeios e encontros casuais.",https://fake-cdn.com/images/produto_2072.jpg,"[""Roupas > Masculino > Casacos"", ""Roupas > Masculino > Outlet"", ""C&A > Masculino"", ""Ofertas > Outlet de Moda""]","{""marca"": ""C&A"", ""tipo"": ""Casaco"", ""genero"": ""Masculino"", ""cor"": ""Lilás"", ""tamanho"": ""PP"", ""material"": ""Jeans Stretch"", ""temporada"": ""Outlet"", ""fit"": ""Straight""}",True
SKU-2073,Macacão Kyly Verde Água 10-12 anos,159.99,"Macacão infantil Kyly na cor Verde Água para crianças de 10-12 anos. Fabricado em Malha 100% Algodão, garantindo maciez e segurança para a pele sensível dos pequenos. Fechamento prático com botões de pressão. Lavar à máquina até 40°C.",https://fake-cdn.com/images/produto_2073.jpg,"[""Roupas > Infantil > Macacãos"", ""Roupas > Infantil > 10-12 anos"", ""Kyly > Infantil""]","{""marca"": ""Kyly"", ""tipo"": ""Macacão"", ""faixa_etaria"": ""10-12 anos"", ""cor"": ""Verde Água"", ""material"": ""Malha 100% Algodão"", ""fechamento"": ""Botão de Pressão"", ""lavagem"": ""Máquina até 40°C""}",True
SKU-2074,Granola com Mel e Castanhas Nestlé 500g,25.3,"Granola com Mel e Castanhas Nestlé, embalagem de 500g. Cereal rico em fibras e carboidratos complexos para energia prolongada. Fonte de vitaminas e minerais, ideal no café da manhã com leite ou iogurte. Textura crocante, sabor adocicado, fornece saciedade e disposição para o dia.",https://fake-cdn.com/images/produto_2074.jpg,"[""Alimentos > Cereais Matinais"", ""Alimentos > Nestlé""]","{""marca"": ""Nestlé"", ""subcategoria"": ""Cereais Matinais"", ""peso_volume"": ""500g"", ""vegano"": false, ""sem_gluten"": false, ""organico"": false, ""integral"": true, ""fonte_de_fibras"": true}",True
SKU-2075,Trufa de Chocolate Ferrero 80g,18.4,"Trufa de Chocolate Ferrero, embalagem de 80g. Chocolate com sabor intenso e textura cremosa que derrete na boca. Rico em cacau, fonte de antioxidantes flavonoides e feniletilamina que melhora o humor. Perfeito para presentear, sobremesas, fondue ou consumo puro como indulgência.",https://fake-cdn.com/images/produto_2075.jpg,"[""Alimentos > Chocolates e Doces"", ""Alimentos > Ferrero""]","{""marca"": ""Ferrero"", ""subcategoria"": ""Chocolates e Doces"", ""peso_volume"": ""80g"", ""vegano"": false, ""sem_gluten"": false, ""organico"": false}",True
SKU-2076,"Smart TV Philips 75"" 4K Ultra HD AMOLED",7528.54,"Smart TV Philips de 75 polegadas com resolução 4K Ultra HD e tecnologia de painel AMOLED. Sistema operacional Roku TV com acesso a Netflix, Prime Video, YouTube e mais. Suporte a HLG para imagens com maior contraste e cores vivas. 3 entradas HDMI e conectividade Wi-Fi e Bluetooth integrados. Voltagem Bivolt.",https://fake-cdn.com/images/produto_2076.jpg,"[""Eletrônicos > TVs > 4K Ultra HD"", ""Eletrônicos > TVs > AMOLED"", ""Philips > TVs""]","{""marca"": ""Philips"", ""polegadas"": ""75"", ""resolucao"": ""4K Ultra HD"", ""tecnologia_painel"": ""AMOLED"", ""sistema_operacional"": ""Roku TV"", ""hdr"": ""HLG"", ""portas_hdmi"": 3, ""smart_tv"": true, ""voltagem"": ""Bivolt"", ""wi_fi"": true, ""bluetooth"": true}",True
SKU-2077,Smartphone Samsung Galaxy A34 4GB/64GB Prata,7779.89,"Smartphone Samsung Galaxy A34 com 4GB de RAM e 64GB de armazenamento interno. Câmera principal de 12MP para fotos e vídeos com alta definição. Bateria de 6000mAh com carregamento rápido, tela de 6.4"". Disponível na cor Prata.",https://fake-cdn.com/images/produto_2077.jpg,"[""Eletrônicos > Smartphones"", ""Eletrônicos > Smartphones > Samsung"", ""Samsung > Smartphones""]","{""marca"": ""Samsung"", ""modelo"": ""Galaxy A34"", ""ram"": ""4GB"", ""armazenamento"": ""64GB"", ""camera_principal"": ""12MP"", ""bateria"": ""6000mAh"", ""tela"": ""6.4\"""", ""cor"": ""Prata"", ""5g"": false, ""sistema"": ""Android""}",True
SKU-2078,Fone On-Ear Multilaser Verde ANC Bluetooth,319.51,"Fone On-Ear Multilaser com conectividade Bluetooth 5.3. Cancelamento ativo de ruído (ANC) para isolamento sonoro superior. Autonomia de bateria de 6 horas com uma única carga. Resistência à água Sem resistência à água. Design confortável na cor Verde, ideal para uso diário, academia e viagens.",https://fake-cdn.com/images/produto_2078.jpg,"[""Eletrônicos > Áudio > Fone On-Ears"", ""Multilaser > Áudio"", ""Eletrônicos > Áudio > Cancelamento de Ruído""]","{""marca"": ""Multilaser"", ""tipo"": ""Fone On-Ear"", ""conectividade"": ""Bluetooth 5.3"", ""autonomia_bateria"": ""6 horas"", ""resistencia_agua"": ""Sem resistência à água"", ""cancelamento_ruido_anc"": true, ""cor"": ""Verde"", ""microfone_integrado"": true}",True
SKU-2079,Batedeira Planetária Oster Plástico 750W,287.82,"Batedeira Planetária Oster fabricado em Plástico ABS + Aço Inox. Capacidade de 750W, cor Prata. Resistente e fácil de limpar, ideal para cozinhas modernas. Voltagem: 110v.",https://fake-cdn.com/images/produto_2079.jpg,"[""Casa e Cozinha > Eletrodomésticos Pequenos"", ""Oster > Casa e Cozinha""]","{""marca"": ""Oster"", ""subcategoria"": ""Eletrodomésticos Pequenos"", ""produto"": ""Batedeira Planetária"", ""material"": ""Plástico ABS + Aço Inox"", ""capacidade"": ""750W"", ""cor"": ""Prata"", ""compativel_inducao"": false, ""voltagem"": ""110v""}",True
SKU-2080,Jaqueta Colcci Relaxed Fit Lilás,71.96,"Jaqueta Colcci no estilo Relaxed Fit para o Verão. Confeccionada em Moletom Fleece, proporciona conforto e leveza durante todo o dia. Cor Lilás, disponível no tamanho M. Ideal para uso casual, passeios e encontros casuais.",https://fake-cdn.com/images/produto_2080.jpg,"[""Roupas > Masculino > Jaquetas"", ""Roupas > Masculino > Verão"", ""Colcci > Masculino""]","{""marca"": ""Colcci"", ""tipo"": ""Jaqueta"", ""genero"": ""Masculino"", ""cor"": ""Lilás"", ""tamanho"": ""M"", ""material"": ""Moletom Fleece"", ""temporada"": ""Verão"", ""fit"": ""Relaxed Fit""}",True
SKU-2081,Casaco C&A Oversized Verde Militar,106.08,"Casaco C&A no estilo Oversized para o Meia Estação. Confeccionada em Lã Merino, proporciona conforto e leveza durante todo o dia. Cor Verde Militar, disponível no tamanho P. Ideal para uso casual, passeios e encontros casuais.",https://fake-cdn.com/images/produto_2081.jpg,"[""Roupas > Masculino > Casacos"", ""Roupas > Masculino > Meia Estação"", ""C&A > Masculino""]","{""marca"": ""C&A"", ""tipo"": ""Casaco"", ""genero"": ""Masculino"", ""cor"": ""Verde Militar"", ""tamanho"": ""P"", ""material"": ""Lã Merino"", ""temporada"": ""Meia Estação"", ""fit"": ""Oversized""}",True
SKU-2082,Macacão Forum Oversized Vermelho,434.32,"Macacão Forum no estilo Oversized para o Verão. Confeccionada em Linho, proporciona conforto e leveza durante todo o dia. Cor Vermelho, disponível no tamanho M. Ideal para uso casual, passeios e encontros casuais.",https://fake-cdn.com/images/produto_2082.jpg,"[""Roupas > Masculino > Macacãos"", ""Roupas > Masculino > Verão"", ""Forum > Masculino""]","{""marca"": ""Forum"", ""tipo"": ""Macacão"", ""genero"": ""Masculino"", ""cor"": ""Vermelho"", ""tamanho"": ""M"", ""material"": ""Linho"", ""temporada"": ""Verão"", ""fit"": ""Oversized""}",True
SKU-2083,Shorts Infantil Carinhoso Rosa 1-2 anos,147.8,"Shorts Infantil infantil Carinhoso na cor Rosa para crianças de 1-2 anos. Fabricado em Malha 100% Algodão, garantindo maciez e segurança para a pele sensível dos pequenos. Fechamento prático com botões de pressão. Lavar à máquina até 40°C.",https://fake-cdn.com/images/produto_2083.jpg,"[""Roupas > Infantil > Shorts Infantils"", ""Roupas > Infantil > 1-2 anos"", ""Carinhoso > Infantil""]","{""marca"": ""Carinhoso"", ""tipo"": ""Shorts Infantil"", ""faixa_etaria"": ""1-2 anos"", ""cor"": ""Rosa"", ""material"": ""Malha 100% Algodão"", ""fechamento"": ""Elástico"", ""lavagem"": ""Máquina até 40°C""}",True
SKU-2084,Arroz Integral Namorado 1kg,9.14,"Arroz Integral Namorado, embalagem de 1kg. Grão vegano, sem glúten — selecionado, cozimento uniforme e sabor neutro que combina com qualquer prato. Base da alimentação brasileira, fonte de carboidratos, proteínas vegetais e fibras. Rendimento superior, grãos soltos após o cozimento.",https://fake-cdn.com/images/produto_2084.jpg,"[""Alimentos > Arroz e Feijão"", ""Alimentos > Namorado"", ""Alimentos > Vegano""]","{""marca"": ""Namorado"", ""subcategoria"": ""Arroz e Feijão"", ""peso_volume"": ""1kg"", ""vegano"": true, ""sem_gluten"": true, ""organico"": false}",True
SKU-2085,Feijão Preto Urbano 5kg,26.63,"Feijão Preto Urbano, embalagem de 5kg. Grão selecionado, cozimento uniforme e sabor neutro que combina com qualquer prato. Base da alimentação brasileira, fonte de carboidratos, proteínas vegetais e fibras. Rendimento superior, grãos soltos após o cozimento.",https://fake-cdn.com/images/produto_2085.jpg,"[""Alimentos > Arroz e Feijão"", ""Alimentos > Urbano""]","{""marca"": ""Urbano"", ""subcategoria"": ""Arroz e Feijão"", ""peso_volume"": ""5kg"", ""vegano"": false, ""sem_gluten"": false, ""organico"": false}",True
SKU-2086,"Smart TV LG 43"" Full HD LED",6131.0,"Smart TV LG de 43 polegadas com resolução Full HD e tecnologia de painel LED. Sistema operacional Android TV com acesso a Netflix, Prime Video, YouTube e mais. Suporte a Dolby Vision para imagens com maior contraste e cores vivas. 2 entradas HDMI e conectividade Wi-Fi e Bluetooth integrados. Voltagem Bivolt.",https://fake-cdn.com/images/produto_2086.jpg,"[""Eletrônicos > TVs > Full HD"", ""Eletrônicos > TVs > LED"", ""LG > TVs""]","{""marca"": ""LG"", ""polegadas"": ""43"", ""resolucao"": ""Full HD"", ""tecnologia_painel"": ""LED"", ""sistema_operacional"": ""Android TV"", ""hdr"": ""Dolby Vision"", ""portas_hdmi"": 2, ""smart_tv"": true, ""voltagem"": ""Bivolt"", ""wi_fi"": true, ""bluetooth"": true}",True
SKU-2087,Smartphone Apple iPhone 15 Pro 6GB/128GB Branco,1316.89,"Smartphone Apple iPhone 15 Pro com 6GB de RAM e 128GB de armazenamento interno. Câmera principal de 50MP para fotos e vídeos com alta definição. Bateria de 5000mAh com carregamento rápido, tela de 6.4"". Disponível na cor Branco.",https://fake-cdn.com/images/produto_2087.jpg,"[""Eletrônicos > Smartphones"", ""Eletrônicos > Smartphones > Apple"", ""Apple > Smartphones""]","{""marca"": ""Apple"", ""modelo"": ""iPhone 15 Pro"", ""ram"": ""6GB"", ""armazenamento"": ""128GB"", ""camera_principal"": ""50MP"", ""bateria"": ""5000mAh"", ""tela"": ""6.4\"""", ""cor"": ""Branco"", ""5g"": false, ""sistema"": ""iOS""}",True
SKU-2088,Caixa de Som Portátil Sony Verde  Bluetooth,1819.6,"Caixa de Som Portátil Sony com conectividade Bluetooth 5.0 + P2. Autonomia de bateria de 6 horas com uma única carga. Resistência à água IPX7. Design confortável na cor Verde, ideal para uso diário, academia e viagens.",https://fake-cdn.com/images/produto_2088.jpg,"[""Eletrônicos > Áudio > Caixa de Som Portátils"", ""Sony > Áudio""]","{""marca"": ""Sony"", ""tipo"": ""Caixa de Som Portátil"", ""conectividade"": ""Bluetooth 5.0 + P2"", ""autonomia_bateria"": ""6 horas"", ""resistencia_agua"": ""IPX7"", ""cancelamento_ruido_anc"": false, ""cor"": ""Verde"", ""microfone_integrado"": true}",True
SKU-2089,Cafeteira Elétrica Oster Plástico 12 xícaras,217.09,"Cafeteira Elétrica Oster fabricado em Plástico Resistente. Capacidade de 12 xícaras, cor Prata. Resistente e fácil de limpar, ideal para cozinhas modernas. Voltagem: Bivolt.",https://fake-cdn.com/images/produto_2089.jpg,"[""Casa e Cozinha > Eletrodomésticos Pequenos"", ""Oster > Casa e Cozinha""]","{""marca"": ""Oster"", ""subcategoria"": ""Eletrodomésticos Pequenos"", ""produto"": ""Cafeteira Elétrica"", ""material"": ""Plástico Resistente"", ""capacidade"": ""12 xícaras"", ""cor"": ""Prata"", ""compativel_inducao"": false, ""voltagem"": ""Bivolt""}",True
SKU-2090,Pijama Zara Cropped Rosa Claro,88.89,"Pijama Zara no estilo Cropped para o Verão. Confeccionada em Malha Premium, proporciona conforto e leveza durante todo o dia. Cor Rosa Claro, disponível no tamanho G. Ideal para uso casual, passeios e encontros casuais.",https://fake-cdn.com/images/produto_2090.jpg,"[""Roupas > Feminino > Pijamas"", ""Roupas > Feminino > Verão"", ""Zara > Feminino""]","{""marca"": ""Zara"", ""tipo"": ""Pijama"", ""genero"": ""Feminino"", ""cor"": ""Rosa Claro"", ""tamanho"": ""G"", ""material"": ""Malha Premium"", ""temporada"": ""Verão"", ""fit"": ""Cropped""}",True
SKU-2091,Calça de Moletom Riachuelo Regular Fit Azul Marinho,106.51,"Calça de Moletom Riachuelo no estilo Regular Fit para o Inverno. Confeccionada em Poliéster Reciclado, proporciona conforto e leveza durante todo o dia. Cor Azul Marinho, disponível no tamanho G. Ideal para uso casual, passeios e encontros casuais.",https://fake-cdn.com/images/produto_2091.jpg,"[""Roupas > Masculino > Calça de Moletoms"", ""Roupas > Masculino > Inverno"", ""Riachuelo > Masculino""]","{""marca"": ""Riachuelo"", ""tipo"": ""Calça de Moletom"", ""genero"": ""Masculino"", ""cor"": ""Azul Marinho"", ""tamanho"": ""G"", ""material"": ""Poliéster Reciclado"", ""temporada"": ""Inverno"", ""fit"": ""Regular Fit""}",True
SKU-2092,Blusa Renner Oversized Vermelho,488.15,"Blusa Renner no estilo Oversized para o Meia Estação. Confeccionada em Algodão 100%, proporciona conforto e leveza durante todo o dia. Cor Vermelho, disponível no tamanho P. Ideal para uso casual, passeios e encontros casuais.",https://fake-cdn.com/images/produto_2092.jpg,"[""Roupas > Masculino > Blusas"", ""Roupas > Masculino > Meia Estação"", ""Renner > Masculino""]","{""marca"": ""Renner"", ""tipo"": ""Blusa"", ""genero"": ""Masculino"", ""cor"": ""Vermelho"", ""tamanho"": ""P"", ""material"": ""Algodão 100%"", ""temporada"": ""Meia Estação"", ""fit"": ""Oversized""}",True
SKU-2093,Calça Legging Lilica Ripilica Rosa 6-12 meses,42.59,"Calça Legging infantil Lilica Ripilica na cor Rosa para crianças de 6-12 meses. Fabricado em Cotton Penteado, garantindo maciez e segurança para a pele sensível dos pequenos. Fechamento prático com botões de pressão. Lavar à máquina até 40°C.",https://fake-cdn.com/images/produto_2093.jpg,"[""Roupas > Infantil > Calça Leggings"", ""Roupas > Infantil > 6-12 meses"", ""Lilica Ripilica > Infantil""]","{""marca"": ""Lilica Ripilica"", ""tipo"": ""Calça Legging"", ""faixa_etaria"": ""6-12 meses"", ""cor"": ""Rosa"", ""material"": ""Cotton Penteado"", ""fechamento"": ""Elástico"", ""lavagem"": ""Máquina até 40°C""}",True
SKU-2094,Café Solúvel 3 Corações 500g,13.51,"Café Solúvel 3 Corações, embalagem de 500g. Café solúvel de dissolução instantânea, praticidade para preparar sem coador. Cafeína para energia imediata, aroma característico de café fresco. Produto sem glúten — para quem busca sabor e qualidade na xícara. Armazenar em local seco e fresco, longe da umidade.",https://fake-cdn.com/images/produto_2094.jpg,"[""Alimentos > Café e Chá"", ""Alimentos > 3 Corações""]","{""marca"": ""3 Corações"", ""subcategoria"": ""Café e Chá"", ""peso_volume"": ""500g"", ""vegano"": false, ""sem_gluten"": true, ""organico"": false}",True
SKU-2095,Feijão Carioca Urbano 5kg,26.1,"Feijão Carioca Urbano, embalagem de 5kg. Grão sem glúten — selecionado, cozimento uniforme e sabor neutro que combina com qualquer prato. Base da alimentação brasileira, fonte de carboidratos, proteínas vegetais e fibras. Rendimento superior, grãos soltos após o cozimento.",https://fake-cdn.com/images/produto_2095.jpg,"[""Alimentos > Arroz e Feijão"", ""Alimentos > Urbano""]","{""marca"": ""Urbano"", ""subcategoria"": ""Arroz e Feijão"", ""peso_volume"": ""5kg"", ""vegano"": false, ""sem_gluten"": true, ""organico"": false}",True
SKU-2096,"Smart TV Hisense 55"" HD AMOLED",1993.99,"Smart TV Hisense de 55 polegadas com resolução HD e tecnologia de painel AMOLED. Sistema operacional Android TV com acesso a Netflix, Prime Video, YouTube e mais. Suporte a HDR10 para imagens com maior contraste e cores vivas. 3 entradas HDMI e conectividade Wi-Fi e Bluetooth integrados. Voltagem Bivolt.",https://fake-cdn.com/images/produto_2096.jpg,"[""Eletrônicos > TVs > HD"", ""Eletrônicos > TVs > AMOLED"", ""Hisense > TVs""]","{""marca"": ""Hisense"", ""polegadas"": ""55"", ""resolucao"": ""HD"", ""tecnologia_painel"": ""AMOLED"", ""sistema_operacional"": ""Android TV"", ""hdr"": ""HDR10"", ""portas_hdmi"": 3, ""smart_tv"": true, ""voltagem"": ""Bivolt"", ""wi_fi"": true, ""bluetooth"": true}",True
SKU-2097,Smartphone Realme Realme C53 4GB/64GB Prata,5147.8,"Smartphone Realme Realme C53 com 4GB de RAM e 64GB de armazenamento interno. Câmera principal de 48MP para fotos e vídeos com alta definição. Bateria de 6000mAh com carregamento rápido, tela de 6.67"". Conectividade 5G para velocidades ultrarrápidas. Disponível na cor Prata.",https://fake-cdn.com/images/produto_2097.jpg,"[""Eletrônicos > Smartphones"", ""Eletrônicos > Smartphones > Realme"", ""Realme > Smartphones"", ""Eletrônicos > Smartphones > 5G""]","{""marca"": ""Realme"", ""modelo"": ""Realme C53"", ""ram"": ""4GB"", ""armazenamento"": ""64GB"", ""camera_principal"": ""48MP"", ""bateria"": ""6000mAh"", ""tela"": ""6.67\"""", ""cor"": ""Prata"", ""5g"": true, ""sistema"": ""Android""}",True
SKU-2098,Soundbar Anker Verde ANC Com,1665.54,"Soundbar Anker com conectividade Com fio P2. Cancelamento ativo de ruído (ANC) para isolamento sonoro superior. Autonomia de bateria de 20 horas com uma única carga. Resistência à água IPX7. Design confortável na cor Verde, ideal para uso diário, academia e viagens.",https://fake-cdn.com/images/produto_2098.jpg,"[""Eletrônicos > Áudio > Soundbars"", ""Anker > Áudio"", ""Eletrônicos > Áudio > Cancelamento de Ruído""]","{""marca"": ""Anker"", ""tipo"": ""Soundbar"", ""conectividade"": ""Com fio P2"", ""autonomia_bateria"": ""20 horas"", ""resistencia_agua"": ""IPX7"", ""cancelamento_ruido_anc"": true, ""cor"": ""Verde"", ""microfone_integrado"": true}",True
SKU-2099,Liquidificador Oster Plástico 1.5L,147.55,"Liquidificador Oster fabricado em Plástico ABS + Aço Inox. Capacidade de 1.5L, cor Branco. Compatível com fogão de indução. Resistente e fácil de limpar, ideal para cozinhas modernas. Voltagem: Bivolt.",https://fake-cdn.com/images/produto_2099.jpg,"[""Casa e Cozinha > Eletrodomésticos Pequenos"", ""Oster > Casa e Cozinha"", ""Casa e Cozinha > Compatível com Indução""]","{""marca"": ""Oster"", ""subcategoria"": ""Eletrodomésticos Pequenos"", ""produto"": ""Liquidificador"", ""material"": ""Plástico ABS + Aço Inox"", ""capacidade"": ""1.5L"", ""cor"": ""Branco"", ""compativel_inducao"": true, ""voltagem"": ""Bivolt""}",True
SKU-2100,Casaco Colcci Oversized Rosa Claro,201.44,"Casaco Colcci no estilo Oversized para o Inverno. Confeccionada em Lã Merino, proporciona conforto e leveza durante todo o dia. Cor Rosa Claro, disponível no tamanho PP. Ideal para uso casual, passeios e encontros casuais.",https://fake-cdn.com/images/produto_2100.jpg,"[""Roupas > Feminino > Casacos"", ""Roupas > Feminino > Inverno"", ""Colcci > Feminino""]","{""marca"": ""Colcci"", ""tipo"": ""Casaco"", ""genero"": ""Feminino"", ""cor"": ""Rosa Claro"", ""tamanho"": ""PP"", ""material"": ""Lã Merino"", ""temporada"": ""Inverno"", ""fit"": ""Oversized""}",True
SKU-2101,Regata Hering Oversized Azul Claro,381.47,"Regata Hering no estilo Oversized para o Outlet. Confeccionada em Malha Premium, proporciona conforto e leveza durante todo o dia. Cor Azul Claro, disponível no tamanho P. Ideal para uso casual, passeios e encontros casuais.",https://fake-cdn.com/images/produto_2101.jpg,"[""Roupas > Feminino > Regatas"", ""Roupas > Feminino > Outlet"", ""Hering > Feminino"", ""Ofertas > Outlet de Moda""]","{""marca"": ""Hering"", ""tipo"": ""Regata"", ""genero"": ""Feminino"", ""cor"": ""Azul Claro"", ""tamanho"": ""P"", ""material"": ""Malha Premium"", ""temporada"": ""Outlet"", ""fit"": ""Oversized""}",True
SKU-2102,Calça de Moletom Renner Oversized Vermelho,143.0,"Calça de Moletom Renner no estilo Oversized para o Meia Estação. Confeccionada em Algodão 100%, proporciona conforto e leveza durante todo o dia. Cor Vermelho, disponível no tamanho PP. Ideal para uso casual, passeios e encontros casuais.",https://fake-cdn.com/images/produto_2102.jpg,"[""Roupas > Feminino > Calça de Moletoms"", ""Roupas > Feminino > Meia Estação"", ""Renner > Feminino""]","{""marca"": ""Renner"", ""tipo"": ""Calça de Moletom"", ""genero"": ""Feminino"", ""cor"": ""Vermelho"", ""tamanho"": ""PP"", ""material"": ""Algodão 100%"", ""temporada"": ""Meia Estação"", ""fit"": ""Oversized""}",True
SKU-2103,Shorts Infantil Brandili Branco 6-12 meses,114.84,"Shorts Infantil infantil Brandili na cor Branco para crianças de 6-12 meses. Fabricado em Moletom Quentinho, garantindo maciez e segurança para a pele sensível dos pequenos. Fechamento prático com botões de pressão. Lavar à máquina até 40°C.",https://fake-cdn.com/images/produto_2103.jpg,"[""Roupas > Infantil > Shorts Infantils"", ""Roupas > Infantil > 6-12 meses"", ""Brandili > Infantil""]","{""marca"": ""Brandili"", ""tipo"": ""Shorts Infantil"", ""faixa_etaria"": ""6-12 meses"", ""cor"": ""Branco"", ""material"": ""Moletom Quentinho"", ""fechamento"": ""Elástico"", ""lavagem"": ""Máquina até 40°C""}",True
SKU-2104,Chocolate Amargo 70% Hershey's 400g,44.36,"Chocolate Amargo 70% Hershey's, embalagem de 400g. Chocolate com sabor intenso e textura cremosa que derrete na boca. Rico em cacau, fonte de antioxidantes flavonoides e feniletilamina que melhora o humor. Perfeito para presentear, sobremesas, fondue ou consumo puro como indulgência.",https://fake-cdn.com/images/produto_2104.jpg,"[""Alimentos > Chocolates e Doces"", ""Alimentos > Hershey's""]","{""marca"": ""Hershey's"", ""subcategoria"": ""Chocolates e Doces"", ""peso_volume"": ""400g"", ""vegano"": false, ""sem_gluten"": false, ""organico"": false}",True
SKU-2105,Bombom Sortido Nestlé 80g,26.48,"Bombom Sortido Nestlé, embalagem de 80g. Chocolate orgânico, sem glúten — com sabor intenso e textura cremosa que derrete na boca. Rico em cacau, fonte de antioxidantes flavonoides e feniletilamina que melhora o humor. Perfeito para presentear, sobremesas, fondue ou consumo puro como indulgência.",https://fake-cdn.com/images/produto_2105.jpg,"[""Alimentos > Chocolates e Doces"", ""Alimentos > Nestlé"", ""Alimentos > Orgânicos e Naturais""]","{""marca"": ""Nestlé"", ""subcategoria"": ""Chocolates e Doces"", ""peso_volume"": ""80g"", ""vegano"": false, ""sem_gluten"": true, ""organico"": true}",True
SKU-2106,"Smart TV Samsung 55"" 8K OLED",9357.94,"Smart TV Samsung de 55 polegadas com resolução 8K e tecnologia de painel OLED. Sistema operacional WebOS com acesso a Netflix, Prime Video, YouTube e mais. Suporte a HDR10 para imagens com maior contraste e cores vivas. 3 entradas HDMI e conectividade Wi-Fi e Bluetooth integrados. Voltagem Bivolt.",https://fake-cdn.com/images/produto_2106.jpg,"[""Eletrônicos > TVs > 8K"", ""Eletrônicos > TVs > OLED"", ""Samsung > TVs""]","{""marca"": ""Samsung"", ""polegadas"": ""55"", ""resolucao"": ""8K"", ""tecnologia_painel"": ""OLED"", ""sistema_operacional"": ""WebOS"", ""hdr"": ""HDR10"", ""portas_hdmi"": 3, ""smart_tv"": true, ""voltagem"": ""Bivolt"", ""wi_fi"": true, ""bluetooth"": true}",True
SKU-2107,Smartphone Apple iPhone 15 Pro Max 16GB/256GB Verde,1022.87,"Smartphone Apple iPhone 15 Pro Max com 16GB de RAM e 256GB de armazenamento interno. Câmera principal de 48MP para fotos e vídeos com alta definição. Bateria de 3500mAh com carregamento rápido, tela de 6.1"". Conectividade 5G para velocidades ultrarrápidas. Disponível na cor Verde.",https://fake-cdn.com/images/produto_2107.jpg,"[""Eletrônicos > Smartphones"", ""Eletrônicos > Smartphones > Apple"", ""Apple > Smartphones"", ""Eletrônicos > Smartphones > 5G""]","{""marca"": ""Apple"", ""modelo"": ""iPhone 15 Pro Max"", ""ram"": ""16GB"", ""armazenamento"": ""256GB"", ""camera_principal"": ""48MP"", ""bateria"": ""3500mAh"", ""tela"": ""6.1\"""", ""cor"": ""Verde"", ""5g"": true, ""sistema"": ""iOS""}",True
SKU-2108,Fone On-Ear Edifier Cinza  Bluetooth,893.38,"Fone On-Ear Edifier com conectividade Bluetooth 5.3. Autonomia de bateria de 30 horas com uma única carga. Resistência à água IPX5. Design confortável na cor Cinza, ideal para uso diário, academia e viagens.",https://fake-cdn.com/images/produto_2108.jpg,"[""Eletrônicos > Áudio > Fone On-Ears"", ""Edifier > Áudio""]","{""marca"": ""Edifier"", ""tipo"": ""Fone On-Ear"", ""conectividade"": ""Bluetooth 5.3"", ""autonomia_bateria"": ""30 horas"", ""resistencia_agua"": ""IPX5"", ""cancelamento_ruido_anc"": false, ""cor"": ""Cinza"", ""microfone_integrado"": true}",True
SKU-2109,Porta-Temperos Giratório Paramount Bambu 5L,68.88,"Porta-Temperos Giratório Paramount fabricado em Bambu Natural. Capacidade de 5L, cor Branco. Resistente e fácil de limpar, ideal para cozinhas modernas. Voltagem: 110v.",https://fake-cdn.com/images/produto_2109.jpg,"[""Casa e Cozinha > Organização e Armazenamento"", ""Paramount > Casa e Cozinha""]","{""marca"": ""Paramount"", ""subcategoria"": ""Organização e Armazenamento"", ""produto"": ""Porta-Temperos Giratório"", ""material"": ""Bambu Natural"", ""capacidade"": ""5L"", ""cor"": ""Branco"", ""compativel_inducao"": false, ""voltagem"": ""110v""}",True
SKU-2110,Pijama Farm Oversized Verde Militar,699.26,"Pijama Farm no estilo Oversized para o Inverno. Confeccionada em Poliéster Reciclado, proporciona conforto e leveza durante todo o dia. Cor Verde Militar, disponível no tamanho G. Ideal para uso casual, passeios e encontros casuais.",https://fake-cdn.com/images/produto_2110.jpg,"[""Roupas > Feminino > Pijamas"", ""Roupas > Feminino > Inverno"", ""Farm > Feminino""]","{""marca"": ""Farm"", ""tipo"": ""Pijama"", ""genero"": ""Feminino"", ""cor"": ""Verde Militar"", ""tamanho"": ""G"", ""material"": ""Poliéster Reciclado"", ""temporada"": ""Inverno"", ""fit"": ""Oversized""}",True
SKU-2111,Moletom Farm Slim Fit Preto,175.37,"Moletom Farm no estilo Slim Fit para o Outlet. Confeccionada em Algodão + Elastano, proporciona conforto e leveza durante todo o dia. Cor Preto, disponível no tamanho G. Ideal para uso casual, passeios e encontros casuais.",https://fake-cdn.com/images/produto_2111.jpg,"[""Roupas > Feminino > Moletoms"", ""Roupas > Feminino > Outlet"", ""Farm > Feminino"", ""Ofertas > Outlet de Moda""]","{""marca"": ""Farm"", ""tipo"": ""Moletom"", ""genero"": ""Feminino"", ""cor"": ""Preto"", ""tamanho"": ""G"", ""material"": ""Algodão + Elastano"", ""temporada"": ""Outlet"", ""fit"": ""Slim Fit""}",True
SKU-2112,Pijama Zara Slim Fit Azul Claro,385.64,"Pijama Zara no estilo Slim Fit para o Verão. Confeccionada em Poliéster Reciclado, proporciona conforto e leveza durante todo o dia. Cor Azul Claro, disponível no tamanho GG. Ideal para uso casual, passeios e encontros casuais.",https://fake-cdn.com/images/produto_2112.jpg,"[""Roupas > Masculino > Pijamas"", ""Roupas > Masculino > Verão"", ""Zara > Masculino""]","{""marca"": ""Zara"", ""tipo"": ""Pijama"", ""genero"": ""Masculino"", ""cor"": ""Azul Claro"", ""tamanho"": ""GG"", ""material"": ""Poliéster Reciclado"", ""temporada"": ""Verão"", ""fit"": ""Slim Fit""}",True
SKU-2113,Macacão Alphabeto Rosa 2-4 anos,68.31,"Macacão infantil Alphabeto na cor Rosa para crianças de 2-4 anos. Fabricado em Ribana Stretch, garantindo maciez e segurança para a pele sensível dos pequenos. Fechamento prático com botões de pressão. Lavar à máquina até 40°C.",https://fake-cdn.com/images/produto_2113.jpg,"[""Roupas > Infantil > Macacãos"", ""Roupas > Infantil > 2-4 anos"", ""Alphabeto > Infantil""]","{""marca"": ""Alphabeto"", ""tipo"": ""Macacão"", ""faixa_etaria"": ""2-4 anos"", ""cor"": ""Rosa"", ""material"": ""Ribana Stretch"", ""fechamento"": ""Botão de Pressão"", ""lavagem"": ""Máquina até 40°C""}",True
SKU-2114,Arroz Branco Tipo 1 Camil 1kg,8.52,"Arroz Branco Tipo 1 Camil, embalagem de 1kg. Grão sem glúten — selecionado, cozimento uniforme e sabor neutro que combina com qualquer prato. Base da alimentação brasileira, fonte de carboidratos, proteínas vegetais e fibras. Rendimento superior, grãos soltos após o cozimento.",https://fake-cdn.com/images/produto_2114.jpg,"[""Alimentos > Arroz e Feijão"", ""Alimentos > Camil""]","{""marca"": ""Camil"", ""subcategoria"": ""Arroz e Feijão"", ""peso_volume"": ""1kg"", ""vegano"": false, ""sem_gluten"": true, ""organico"": false}",True
SKU-2115,Isotônico Coca-Cola 600ml,9.87,"Isotônico Coca-Cola, embalagem de 600ml. Bebida isotônica com sais minerais e eletrólitos para repor o que se perde no suor durante exercícios. Hidratação esportiva, energia rápida, reduz cãibras e fadiga muscular. Bebida sem glúten — gelada ou na temperatura ambiente, para hidratação e prazer no dia a dia.",https://fake-cdn.com/images/produto_2115.jpg,"[""Alimentos > Bebidas"", ""Alimentos > Coca-Cola""]","{""marca"": ""Coca-Cola"", ""subcategoria"": ""Bebidas"", ""peso_volume"": ""600ml"", ""vegano"": false, ""sem_gluten"": true, ""organico"": false}",True
SKU-2116,"Smart TV Hisense 43"" Full HD OLED",9963.35,"Smart TV Hisense de 43 polegadas com resolução Full HD e tecnologia de painel OLED. Sistema operacional Roku TV com acesso a Netflix, Prime Video, YouTube e mais. Suporte a Sem HDR para imagens com maior contraste e cores vivas. 4 entradas HDMI e conectividade Wi-Fi e Bluetooth integrados. Voltagem Bivolt.",https://fake-cdn.com/images/produto_2116.jpg,"[""Eletrônicos > TVs > Full HD"", ""Eletrônicos > TVs > OLED"", ""Hisense > TVs""]","{""marca"": ""Hisense"", ""polegadas"": ""43"", ""resolucao"": ""Full HD"", ""tecnologia_painel"": ""OLED"", ""sistema_operacional"": ""Roku TV"", ""hdr"": ""Sem HDR"", ""portas_hdmi"": 4, ""smart_tv"": true, ""voltagem"": ""Bivolt"", ""wi_fi"": true, ""bluetooth"": true}",True
SKU-2117,Smartphone Motorola Edge 40 Pro 6GB/256GB Preto,4250.16,"Smartphone Motorola Edge 40 Pro com 6GB de RAM e 256GB de armazenamento interno. Câmera principal de 50MP para fotos e vídeos com alta definição. Bateria de 4000mAh com carregamento rápido, tela de 6.8"". Disponível na cor Preto.",https://fake-cdn.com/images/produto_2117.jpg,"[""Eletrônicos > Smartphones"", ""Eletrônicos > Smartphones > Motorola"", ""Motorola > Smartphones""]","{""marca"": ""Motorola"", ""modelo"": ""Edge 40 Pro"", ""ram"": ""6GB"", ""armazenamento"": ""256GB"", ""camera_principal"": ""50MP"", ""bateria"": ""4000mAh"", ""tela"": ""6.8\"""", ""cor"": ""Preto"", ""5g"": false, ""sistema"": ""Android""}",True
SKU-2118,Caixa de Som Portátil Edifier Verde ANC Com,1091.62,"Caixa de Som Portátil Edifier com conectividade Com fio P2. Cancelamento ativo de ruído (ANC) para isolamento sonoro superior. Autonomia de bateria de 30 horas com uma única carga. Resistência à água IPX4. Design confortável na cor Verde, ideal para uso diário, academia e viagens.",https://fake-cdn.com/images/produto_2118.jpg,"[""Eletrônicos > Áudio > Caixa de Som Portátils"", ""Edifier > Áudio"", ""Eletrônicos > Áudio > Cancelamento de Ruído""]","{""marca"": ""Edifier"", ""tipo"": ""Caixa de Som Portátil"", ""conectividade"": ""Com fio P2"", ""autonomia_bateria"": ""30 horas"", ""resistencia_agua"": ""IPX4"", ""cancelamento_ruido_anc"": true, ""cor"": ""Verde"", ""microfone_integrado"": true}",True
SKU-2119,Panela de Pressão Tramontina Cerâmica 16cm,99.05,"Panela de Pressão Tramontina fabricado em Cerâmica Antiaderente. Capacidade de 16cm, cor Prata. Resistente e fácil de limpar, ideal para cozinhas modernas. Voltagem: 220v.",https://fake-cdn.com/images/produto_2119.jpg,"[""Casa e Cozinha > Panelas e Frigideiras"", ""Tramontina > Casa e Cozinha""]","{""marca"": ""Tramontina"", ""subcategoria"": ""Panelas e Frigideiras"", ""produto"": ""Panela de Pressão"", ""material"": ""Cerâmica Antiaderente"", ""capacidade"": ""16cm"", ""cor"": ""Prata"", ""compativel_inducao"": false, ""voltagem"": ""220v""}",True
SKU-2120,Shorts Colcci Oversized Off White,465.93,"Shorts Colcci no estilo Oversized para o Inverno. Confeccionada em Poliéster Reciclado, proporciona conforto e leveza durante todo o dia. Cor Off White, disponível no tamanho PP. Ideal para uso casual, passeios e encontros casuais.",https://fake-cdn.com/images/produto_2120.jpg,"[""Roupas > Masculino > Shortss"", ""Roupas > Masculino > Inverno"", ""Colcci > Masculino""]","{""marca"": ""Colcci"", ""tipo"": ""Shorts"", ""genero"": ""Masculino"", ""cor"": ""Off White"", ""tamanho"": ""PP"", ""material"": ""Poliéster Reciclado"", ""temporada"": ""Inverno"", ""fit"": ""Oversized""}",True
SKU-2121,Casaco Animale Straight Rosa Claro,598.97,"Casaco Animale no estilo Straight para o Verão. Confeccionada em Algodão 100%, proporciona conforto e leveza durante todo o dia. Cor Rosa Claro, disponível no tamanho P. Ideal para uso casual, passeios e encontros casuais.",https://fake-cdn.com/images/produto_2121.jpg,"[""Roupas > Feminino > Casacos"", ""Roupas > Feminino > Verão"", ""Animale > Feminino""]","{""marca"": ""Animale"", ""tipo"": ""Casaco"", ""genero"": ""Feminino"", ""cor"": ""Rosa Claro"", ""tamanho"": ""P"", ""material"": ""Algodão 100%"", ""temporada"": ""Verão"", ""fit"": ""Straight""}",True
SKU-2122,Blusa Colcci Regular Fit Azul Claro,301.27,"Blusa Colcci no estilo Regular Fit para o Outlet. Confeccionada em Lã Merino, proporciona conforto e leveza durante todo o dia. Cor Azul Claro, disponível no tamanho P. Ideal para uso casual, passeios e encontros casuais.",https://fake-cdn.com/images/produto_2122.jpg,"[""Roupas > Masculino > Blusas"", ""Roupas > Masculino > Outlet"", ""Colcci > Masculino"", ""Ofertas > Outlet de Moda""]","{""marca"": ""Colcci"", ""tipo"": ""Blusa"", ""genero"": ""Masculino"", ""cor"": ""Azul Claro"", ""tamanho"": ""P"", ""material"": ""Lã Merino"", ""temporada"": ""Outlet"", ""fit"": ""Regular Fit""}",True
SKU-2123,Macacão Kyly Branco 3-6 meses,146.69,"Macacão infantil Kyly na cor Branco para crianças de 3-6 meses. Fabricado em Suedine Macio, garantindo maciez e segurança para a pele sensível dos pequenos. Fechamento prático com botões de pressão. Lavar à máquina até 40°C.",https://fake-cdn.com/images/produto_2123.jpg,"[""Roupas > Infantil > Macacãos"", ""Roupas > Infantil > 3-6 meses"", ""Kyly > Infantil""]","{""marca"": ""Kyly"", ""tipo"": ""Macacão"", ""faixa_etaria"": ""3-6 meses"", ""cor"": ""Branco"", ""material"": ""Suedine Macio"", ""fechamento"": ""Botão de Pressão"", ""lavagem"": ""Máquina até 40°C""}",True
SKU-2124,Isotônico PepsiCo 1L,16.01,"Isotônico PepsiCo, embalagem de 1L. Bebida isotônica com sais minerais e eletrólitos para repor o que se perde no suor durante exercícios. Hidratação esportiva, energia rápida, reduz cãibras e fadiga muscular. Bebida gelada ou na temperatura ambiente, para hidratação e prazer no dia a dia.",https://fake-cdn.com/images/produto_2124.jpg,"[""Alimentos > Bebidas"", ""Alimentos > PepsiCo""]","{""marca"": ""PepsiCo"", ""subcategoria"": ""Bebidas"", ""peso_volume"": ""1L"", ""vegano"": false, ""sem_gluten"": false, ""organico"": false}",True
SKU-2125,Arroz Integral Namorado 5kg,18.42,"Arroz Integral Namorado, embalagem de 5kg. Grão sem glúten — selecionado, cozimento uniforme e sabor neutro que combina com qualquer prato. Base da alimentação brasileira, fonte de carboidratos, proteínas vegetais e fibras. Rendimento superior, grãos soltos após o cozimento.",https://fake-cdn.com/images/produto_2125.jpg,"[""Alimentos > Arroz e Feijão"", ""Alimentos > Namorado""]","{""marca"": ""Namorado"", ""subcategoria"": ""Arroz e Feijão"", ""peso_volume"": ""5kg"", ""vegano"": false, ""sem_gluten"": true, ""organico"": false}",True
SKU-2126,"Smart TV Sony 43"" HD LED",3650.87,"Smart TV Sony de 43 polegadas com resolução HD e tecnologia de painel LED. Sistema operacional WebOS com acesso a Netflix, Prime Video, YouTube e mais. Suporte a HLG para imagens com maior contraste e cores vivas. 4 entradas HDMI e conectividade Wi-Fi e Bluetooth integrados. Voltagem Bivolt.",https://fake-cdn.com/images/produto_2126.jpg,"[""Eletrônicos > TVs > HD"", ""Eletrônicos > TVs > LED"", ""Sony > TVs""]","{""marca"": ""Sony"", ""polegadas"": ""43"", ""resolucao"": ""HD"", ""tecnologia_painel"": ""LED"", ""sistema_operacional"": ""WebOS"", ""hdr"": ""HLG"", ""portas_hdmi"": 4, ""smart_tv"": true, ""voltagem"": ""Bivolt"", ""wi_fi"": true, ""bluetooth"": true}",True
SKU-2127,Smartphone Motorola Moto G54 4GB/128GB Branco,5863.96,"Smartphone Motorola Moto G54 com 4GB de RAM e 128GB de armazenamento interno. Câmera principal de 200MP para fotos e vídeos com alta definição. Bateria de 4000mAh com carregamento rápido, tela de 6.8"". Conectividade 5G para velocidades ultrarrápidas. Disponível na cor Branco.",https://fake-cdn.com/images/produto_2127.jpg,"[""Eletrônicos > Smartphones"", ""Eletrônicos > Smartphones > Motorola"", ""Motorola > Smartphones"", ""Eletrônicos > Smartphones > 5G""]","{""marca"": ""Motorola"", ""modelo"": ""Moto G54"", ""ram"": ""4GB"", ""armazenamento"": ""128GB"", ""camera_principal"": ""200MP"", ""bateria"": ""4000mAh"", ""tela"": ""6.8\"""", ""cor"": ""Branco"", ""5g"": true, ""sistema"": ""Android""}",True
SKU-2128,Fone Over-Ear Multilaser Branco ANC Bluetooth,1238.68,"Fone Over-Ear Multilaser com conectividade Bluetooth 5.0. Cancelamento ativo de ruído (ANC) para isolamento sonoro superior. Autonomia de bateria de 10 horas com uma única carga. Resistência à água Sem resistência à água. Design confortável na cor Branco, ideal para uso diário, academia e viagens.",https://fake-cdn.com/images/produto_2128.jpg,"[""Eletrônicos > Áudio > Fone Over-Ears"", ""Multilaser > Áudio"", ""Eletrônicos > Áudio > Cancelamento de Ruído""]","{""marca"": ""Multilaser"", ""tipo"": ""Fone Over-Ear"", ""conectividade"": ""Bluetooth 5.0"", ""autonomia_bateria"": ""10 horas"", ""resistencia_agua"": ""Sem resistência à água"", ""cancelamento_ruido_anc"": true, ""cor"": ""Branco"", ""microfone_integrado"": true}",True
SKU-2129,Jogo de Panelas 5 peças Rochedo Alumínio 7L,201.31,"Jogo de Panelas 5 peças Rochedo fabricado em Alumínio com Antiaderente. Capacidade de 7L, cor Vermelho. Resistente e fácil de limpar, ideal para cozinhas modernas. Voltagem: 220v.",https://fake-cdn.com/images/produto_2129.jpg,"[""Casa e Cozinha > Panelas e Frigideiras"", ""Rochedo > Casa e Cozinha""]","{""marca"": ""Rochedo"", ""subcategoria"": ""Panelas e Frigideiras"", ""produto"": ""Jogo de Panelas 5 peças"", ""material"": ""Alumínio com Antiaderente"", ""capacidade"": ""7L"", ""cor"": ""Vermelho"", ""compativel_inducao"": false, ""voltagem"": ""220v""}",True
SKU-2130,Shorts Animale Cropped Cinza Mescla,203.03,"Shorts Animale no estilo Cropped para o Inverno. Confeccionada em Viscose, proporciona conforto e leveza durante todo o dia. Cor Cinza Mescla, disponível no tamanho GG. Ideal para uso casual, passeios e encontros casuais.",https://fake-cdn.com/images/produto_2130.jpg,"[""Roupas > Masculino > Shortss"", ""Roupas > Masculino > Inverno"", ""Animale > Masculino""]","{""marca"": ""Animale"", ""tipo"": ""Shorts"", ""genero"": ""Masculino"", ""cor"": ""Cinza Mescla"", ""tamanho"": ""GG"", ""material"": ""Viscose"", ""temporada"": ""Inverno"", ""fit"": ""Cropped""}",True
SKU-2131,Blusa Hering Cropped Azul Marinho,71.8,"Blusa Hering no estilo Cropped para o Outlet. Confeccionada em Algodão + Elastano, proporciona conforto e leveza durante todo o dia. Cor Azul Marinho, disponível no tamanho XGG. Ideal para uso casual, passeios e encontros casuais.",https://fake-cdn.com/images/produto_2131.jpg,"[""Roupas > Masculino > Blusas"", ""Roupas > Masculino > Outlet"", ""Hering > Masculino"", ""Ofertas > Outlet de Moda""]","{""marca"": ""Hering"", ""tipo"": ""Blusa"", ""genero"": ""Masculino"", ""cor"": ""Azul Marinho"", ""tamanho"": ""XGG"", ""material"": ""Algodão + Elastano"", ""temporada"": ""Outlet"", ""fit"": ""Cropped""}",True
SKU-2132,Casaco Renner Regular Fit Rosa Claro,80.77,"Casaco Renner no estilo Regular Fit para o Verão. Confeccionada em Viscose, proporciona conforto e leveza durante todo o dia. Cor Rosa Claro, disponível no tamanho G. Ideal para uso casual, passeios e encontros casuais.",https://fake-cdn.com/images/produto_2132.jpg,"[""Roupas > Masculino > Casacos"", ""Roupas > Masculino > Verão"", ""Renner > Masculino""]","{""marca"": ""Renner"", ""tipo"": ""Casaco"", ""genero"": ""Masculino"", ""cor"": ""Rosa Claro"", ""tamanho"": ""G"", ""material"": ""Viscose"", ""temporada"": ""Verão"", ""fit"": ""Regular Fit""}",True
SKU-2133,Calça Legging Alphabeto Estampado Divertido 6-8 anos,47.8,"Calça Legging infantil Alphabeto na cor Estampado Divertido para crianças de 6-8 anos. Fabricado em Malha 100% Algodão, garantindo maciez e segurança para a pele sensível dos pequenos. Fechamento prático com botões de pressão. Lavar à máquina até 40°C.",https://fake-cdn.com/images/produto_2133.jpg,"[""Roupas > Infantil > Calça Leggings"", ""Roupas > Infantil > 6-8 anos"", ""Alphabeto > Infantil""]","{""marca"": ""Alphabeto"", ""tipo"": ""Calça Legging"", ""faixa_etaria"": ""6-8 anos"", ""cor"": ""Estampado Divertido"", ""material"": ""Malha 100% Algodão"", ""fechamento"": ""Elástico"", ""lavagem"": ""Máquina até 40°C""}",True
SKU-2134,Biscoito Recheado Chocolate Marilan 200g,11.21,"Biscoito Recheado Chocolate Marilan, embalagem de 200g. Biscoito vegano — crocante, sabor marcante, ótimo para lanches rápidos. Textura levinha que derrete na boca, combina com café, chá ou sozinho. Praticidade para o lanche da tarde, merenda escolar ou snack entre refeições.",https://fake-cdn.com/images/produto_2134.jpg,"[""Alimentos > Biscoitos"", ""Alimentos > Marilan"", ""Alimentos > Vegano""]","{""marca"": ""Marilan"", ""subcategoria"": ""Biscoitos"", ""peso_volume"": ""200g"", ""vegano"": true, ""sem_gluten"": false, ""organico"": false}",True
SKU-2135,Espaguete Adria 1kg,7.57,"Espaguete Adria, embalagem de 1kg. Massa vegano, sem glúten — de trigo selecionado, textura firme al dente após cozimento em torno de 8 minutos. Versátil para molhos vermelhos, brancos, pesto e receitas ao forno. Fonte de carboidratos, praticidade e rendimento para refeições completas da família.",https://fake-cdn.com/images/produto_2135.jpg,"[""Alimentos > Massas"", ""Alimentos > Adria"", ""Alimentos > Vegano""]","{""marca"": ""Adria"", ""subcategoria"": ""Massas"", ""peso_volume"": ""1kg"", ""vegano"": true, ""sem_gluten"": true, ""organico"": false, ""cozimento"": ""8 minutos""}",True
SKU-2136,"Smart TV LG 65"" Full HD AMOLED",4243.51,"Smart TV LG de 65 polegadas com resolução Full HD e tecnologia de painel AMOLED. Sistema operacional Tizen com acesso a Netflix, Prime Video, YouTube e mais. Suporte a Dolby Vision para imagens com maior contraste e cores vivas. 4 entradas HDMI e conectividade Wi-Fi e Bluetooth integrados. Voltagem Bivolt.",https://fake-cdn.com/images/produto_2136.jpg,"[""Eletrônicos > TVs > Full HD"", ""Eletrônicos > TVs > AMOLED"", ""LG > TVs""]","{""marca"": ""LG"", ""polegadas"": ""65"", ""resolucao"": ""Full HD"", ""tecnologia_painel"": ""AMOLED"", ""sistema_operacional"": ""Tizen"", ""hdr"": ""Dolby Vision"", ""portas_hdmi"": 4, ""smart_tv"": true, ""voltagem"": ""Bivolt"", ""wi_fi"": true, ""bluetooth"": true}",True
SKU-2137,Smartphone Xiaomi POCO X6 12GB/512GB Branco,1296.78,"Smartphone Xiaomi POCO X6 com 12GB de RAM e 512GB de armazenamento interno. Câmera principal de 12MP para fotos e vídeos com alta definição. Bateria de 4000mAh com carregamento rápido, tela de 6.67"". Conectividade 5G para velocidades ultrarrápidas. Disponível na cor Branco.",https://fake-cdn.com/images/produto_2137.jpg,"[""Eletrônicos > Smartphones"", ""Eletrônicos > Smartphones > Xiaomi"", ""Xiaomi > Smartphones"", ""Eletrônicos > Smartphones > 5G""]","{""marca"": ""Xiaomi"", ""modelo"": ""POCO X6"", ""ram"": ""12GB"", ""armazenamento"": ""512GB"", ""camera_principal"": ""12MP"", ""bateria"": ""4000mAh"", ""tela"": ""6.67\"""", ""cor"": ""Branco"", ""5g"": true, ""sistema"": ""Android""}",True
SKU-2138,Fone In-Ear Edifier Cinza  Com,360.17,"Fone In-Ear Edifier com conectividade Com fio P2. Autonomia de bateria de 40 horas com uma única carga. Resistência à água IPX7. Design confortável na cor Cinza, ideal para uso diário, academia e viagens.",https://fake-cdn.com/images/produto_2138.jpg,"[""Eletrônicos > Áudio > Fone In-Ears"", ""Edifier > Áudio""]","{""marca"": ""Edifier"", ""tipo"": ""Fone In-Ear"", ""conectividade"": ""Com fio P2"", ""autonomia_bateria"": ""40 horas"", ""resistencia_agua"": ""IPX7"", ""cancelamento_ruido_anc"": false, ""cor"": ""Cinza"", ""microfone_integrado"": true}",True
SKU-2139,Torradeira Oster Plástico 12 xícaras,168.66,"Torradeira Oster fabricado em Plástico ABS + Aço Inox. Capacidade de 12 xícaras, cor Prata. Resistente e fácil de limpar, ideal para cozinhas modernas. Voltagem: 110v.",https://fake-cdn.com/images/produto_2139.jpg,"[""Casa e Cozinha > Eletrodomésticos Pequenos"", ""Oster > Casa e Cozinha""]","{""marca"": ""Oster"", ""subcategoria"": ""Eletrodomésticos Pequenos"", ""produto"": ""Torradeira"", ""material"": ""Plástico ABS + Aço Inox"", ""capacidade"": ""12 xícaras"", ""cor"": ""Prata"", ""compativel_inducao"": false, ""voltagem"": ""110v""}",True
SKU-2140,Calça Jeans Animale Slim Fit Preto,654.88,"Calça Jeans Animale no estilo Slim Fit para o Outlet. Confeccionada em Lã Merino, proporciona conforto e leveza durante todo o dia. Cor Preto, disponível no tamanho GG. Ideal para uso casual, passeios e encontros casuais.",https://fake-cdn.com/images/produto_2140.jpg,"[""Roupas > Feminino > Calça Jeanss"", ""Roupas > Feminino > Outlet"", ""Animale > Feminino"", ""Ofertas > Outlet de Moda""]","{""marca"": ""Animale"", ""tipo"": ""Calça Jeans"", ""genero"": ""Feminino"", ""cor"": ""Preto"", ""tamanho"": ""GG"", ""material"": ""Lã Merino"", ""temporada"": ""Outlet"", ""fit"": ""Slim Fit""}",True
SKU-2141,Calça Jeans C&A Oversized Rosa Claro,471.08,"Calça Jeans C&A no estilo Oversized para o Verão. Confeccionada em Viscose, proporciona conforto e leveza durante todo o dia. Cor Rosa Claro, disponível no tamanho PP. Ideal para uso casual, passeios e encontros casuais.",https://fake-cdn.com/images/produto_2141.jpg,"[""Roupas > Feminino > Calça Jeanss"", ""Roupas > Feminino > Verão"", ""C&A > Feminino""]","{""marca"": ""C&A"", ""tipo"": ""Calça Jeans"", ""genero"": ""Feminino"", ""cor"": ""Rosa Claro"", ""tamanho"": ""PP"", ""material"": ""Viscose"", ""temporada"": ""Verão"", ""fit"": ""Oversized""}",True
SKU-2142,Blusa Osklen Slim Fit Branco,353.46,"Blusa Osklen no estilo Slim Fit para o Outlet. Confeccionada em Malha Premium, proporciona conforto e leveza durante todo o dia. Cor Branco, disponível no tamanho XGG. Ideal para uso casual, passeios e encontros casuais.",https://fake-cdn.com/images/produto_2142.jpg,"[""Roupas > Masculino > Blusas"", ""Roupas > Masculino > Outlet"", ""Osklen > Masculino"", ""Ofertas > Outlet de Moda""]","{""marca"": ""Osklen"", ""tipo"": ""Blusa"", ""genero"": ""Masculino"", ""cor"": ""Branco"", ""tamanho"": ""XGG"", ""material"": ""Malha Premium"", ""temporada"": ""Outlet"", ""fit"": ""Slim Fit""}",True
SKU-2143,Conjunto Calça + Camiseta Tip Top Lilás 1-2 anos,39.81,"Conjunto Calça + Camiseta infantil Tip Top na cor Lilás para crianças de 1-2 anos. Fabricado em Ribana Stretch, garantindo maciez e segurança para a pele sensível dos pequenos. Fechamento prático com botões de pressão. Lavar à máquina até 40°C.",https://fake-cdn.com/images/produto_2143.jpg,"[""Roupas > Infantil > Conjunto Calça + Camisetas"", ""Roupas > Infantil > 1-2 anos"", ""Tip Top > Infantil""]","{""marca"": ""Tip Top"", ""tipo"": ""Conjunto Calça + Camiseta"", ""faixa_etaria"": ""1-2 anos"", ""cor"": ""Lilás"", ""material"": ""Ribana Stretch"", ""fechamento"": ""Elástico"", ""lavagem"": ""Máquina até 40°C""}",True
SKU-2144,Isotônico Suco Bom 600ml,18.57,"Isotônico Suco Bom, embalagem de 600ml. Bebida isotônica com sais minerais e eletrólitos para repor o que se perde no suor durante exercícios. Hidratação esportiva, energia rápida, reduz cãibras e fadiga muscular. Bebida vegano, sem glúten — gelada ou na temperatura ambiente, para hidratação e prazer no dia a dia.",https://fake-cdn.com/images/produto_2144.jpg,"[""Alimentos > Bebidas"", ""Alimentos > Suco Bom"", ""Alimentos > Vegano""]","{""marca"": ""Suco Bom"", ""subcategoria"": ""Bebidas"", ""peso_volume"": ""600ml"", ""vegano"": true, ""sem_gluten"": true, ""organico"": false}",True
SKU-2145,Biscoito Cream Cracker Marilan 200g,18.12,"Biscoito Cream Cracker Marilan, embalagem de 200g. Biscoito orgânico, sem glúten — crocante, sabor marcante, ótimo para lanches rápidos. Textura levinha que derrete na boca, combina com café, chá ou sozinho. Praticidade para o lanche da tarde, merenda escolar ou snack entre refeições.",https://fake-cdn.com/images/produto_2145.jpg,"[""Alimentos > Biscoitos"", ""Alimentos > Marilan"", ""Alimentos > Orgânicos e Naturais""]","{""marca"": ""Marilan"", ""subcategoria"": ""Biscoitos"", ""peso_volume"": ""200g"", ""vegano"": false, ""sem_gluten"": true, ""organico"": true}",True
SKU-2146,"Smart TV Philips 75"" 4K Ultra HD LED",5491.46,"Smart TV Philips de 75 polegadas com resolução 4K Ultra HD e tecnologia de painel LED. Sistema operacional Tizen com acesso a Netflix, Prime Video, YouTube e mais. Suporte a HDR10+ para imagens com maior contraste e cores vivas. 3 entradas HDMI e conectividade Wi-Fi e Bluetooth integrados. Voltagem Bivolt.",https://fake-cdn.com/images/produto_2146.jpg,"[""Eletrônicos > TVs > 4K Ultra HD"", ""Eletrônicos > TVs > LED"", ""Philips > TVs""]","{""marca"": ""Philips"", ""polegadas"": ""75"", ""resolucao"": ""4K Ultra HD"", ""tecnologia_painel"": ""LED"", ""sistema_operacional"": ""Tizen"", ""hdr"": ""HDR10+"", ""portas_hdmi"": 3, ""smart_tv"": true, ""voltagem"": ""Bivolt"", ""wi_fi"": true, ""bluetooth"": true}",True
SKU-2147,Smartphone TCL TCL 50 XL 6GB/64GB Roxo,4149.42,"Smartphone TCL TCL 50 XL com 6GB de RAM e 64GB de armazenamento interno. Câmera principal de 64MP para fotos e vídeos com alta definição. Bateria de 3500mAh com carregamento rápido, tela de 6.67"". Disponível na cor Roxo.",https://fake-cdn.com/images/produto_2147.jpg,"[""Eletrônicos > Smartphones"", ""Eletrônicos > Smartphones > TCL"", ""TCL > Smartphones""]","{""marca"": ""TCL"", ""modelo"": ""TCL 50 XL"", ""ram"": ""6GB"", ""armazenamento"": ""64GB"", ""camera_principal"": ""64MP"", ""bateria"": ""3500mAh"", ""tela"": ""6.67\"""", ""cor"": ""Roxo"", ""5g"": false, ""sistema"": ""Android""}",True
SKU-2148,Fone In-Ear Sony Branco  Bluetooth,1337.86,"Fone In-Ear Sony com conectividade Bluetooth 5.0 + P2. Autonomia de bateria de 30 horas com uma única carga. Resistência à água IPX4. Design confortável na cor Branco, ideal para uso diário, academia e viagens.",https://fake-cdn.com/images/produto_2148.jpg,"[""Eletrônicos > Áudio > Fone In-Ears"", ""Sony > Áudio""]","{""marca"": ""Sony"", ""tipo"": ""Fone In-Ear"", ""conectividade"": ""Bluetooth 5.0 + P2"", ""autonomia_bateria"": ""30 horas"", ""resistencia_agua"": ""IPX4"", ""cancelamento_ruido_anc"": false, ""cor"": ""Branco"", ""microfone_integrado"": true}",True
SKU-2149,Jogo de Panelas 5 peças Panelux Cerâmica 6L,280.49,"Jogo de Panelas 5 peças Panelux fabricado em Cerâmica Antiaderente. Capacidade de 6L, cor Preto. Resistente e fácil de limpar, ideal para cozinhas modernas. Voltagem: Bivolt.",https://fake-cdn.com/images/produto_2149.jpg,"[""Casa e Cozinha > Panelas e Frigideiras"", ""Panelux > Casa e Cozinha""]","{""marca"": ""Panelux"", ""subcategoria"": ""Panelas e Frigideiras"", ""produto"": ""Jogo de Panelas 5 peças"", ""material"": ""Cerâmica Antiaderente"", ""capacidade"": ""6L"", ""cor"": ""Preto"", ""compativel_inducao"": false, ""voltagem"": ""Bivolt""}",True
