product_external_id,channel_id,store_id,quantity,available
SKU-2000,CH-WEB,LOJA-WEB,121,True
SKU-2000,CH-APP,LOJA-01,128,True
SKU-2000,CH-APP,LOJA-02,82,True
SKU-2000,CH-APP,LOJA-03,178,True
SKU-2000,CH-FISICO,LOJA-01,166,True
SKU-2000,CH-FISICO,LOJA-02,138,True
SKU-2000,CH-FISICO,LOJA-03,140,True
SKU-2000,CH-FISICO,LOJA-04,52,True
SKU-2000,CH-FISICO,LOJA-05,153,True
SKU-2000,CH-TELEVENDAS,LOJA-TELEVENDAS,189,True
SKU-2001,CH-WEB,LOJA-WEB,184,True
SKU-2001,CH-APP,LOJA-01,107,True
SKU-2001,CH-APP,LOJA-02,50,True
SKU-2001,CH-APP,LOJA-03,42,True
SKU-2001,CH-FISICO,LOJA-01,56,True
SKU-2001,CH-FISICO,LOJA-02,81,True
SKU-2001,CH-FISICO,LOJA-03,10,True
SKU-2001,CH-FISICO,LOJA-04,187,True
SKU-2001,CH-FISICO,LOJA-05,100,True
SKU-2001,CH-TELEVENDAS,LOJA-TELEVENDAS,184,True
SKU-2002,CH-WEB,LOJA-WEB,163,True
SKU-2002,CH-APP,LOJA-01,139,True
SKU-2002,CH-APP,LOJA-02,38,True
SKU-2002,CH-APP,LOJA-03,77,True
SKU-2002,CH-FISICO,LOJA-01,194,True
SKU-2002,CH-FISICO,LOJA-02,102,True
SKU-2002,CH-FISICO,LOJA-03,117,True
SKU-2002,CH-FISICO,LOJA-04,165,True
SKU-2002,CH-FISICO,LOJA-05,171,True
SKU-2002,CH-TELEVENDAS,LOJA-TELEVENDAS,42,True
SKU-2003,CH-WEB,LOJA-WEB,83,True
SKU-2003,CH-APP,LOJA-01,149,True
SKU-2003,CH-APP,LOJA-02,9,True
SKU-2003,CH-APP,LOJA-03,44,True
SKU-2003,CH-FISICO,LOJA-01,47,True
SKU-2003,CH-FISICO,LOJA-02,149,True
SKU-2003,CH-FISICO,LOJA-03,95,True
SKU-2003,CH-FISICO,LOJA-04,71,True
SKU-2003,CH-FISICO,LOJA-05,93,True
SKU-2003,CH-TELEVENDAS,LOJA-TELEVENDAS,64,True
SKU-2004,CH-WEB,LOJA-WEB,44,True
SKU-2004,CH-APP,LOJA-01,71,True
SKU-2004,CH-APP,LOJA-02,87,True
SKU-2004,CH-APP,LOJA-03,82,True
SKU-2004,CH-FISICO,LOJA-01,25,True
SKU-2004,CH-FISICO,LOJA-02,76,True
SKU-2004,CH-FISICO,LOJA-03,106,True
SKU-2004,CH-FISICO,LOJA-04,73,True
SKU-2004,CH-FISICO,LOJA-05,127,True
SKU-2004,CH-TELEVENDAS,LOJA-TELEVENDAS,157,True
SKU-2005,CH-WEB,LOJA-WEB,4,True
SKU-2005,CH-APP,LOJA-01,119,True
SKU-2005,CH-APP,LOJA-02,53,True
SKU-2005,CH-APP,LOJA-03,189,True
SKU-2005,CH-FISICO,LOJA-01,194,True
SKU-2005,CH-FISICO,LOJA-02,168,True
SKU-2005,CH-FISICO,LOJA-03,136,True
SKU-2005,CH-FISICO,LOJA-04,170,True
SKU-2005,CH-FISICO,LOJA-05,57,True
SKU-2005,CH-TELEVENDAS,LOJA-TELEVENDAS,44,True
SKU-2006,CH-WEB,LOJA-WEB,8,True
SKU-2006,CH-APP,LOJA-01,175,True
SKU-2006,CH-APP,LOJA-02,113,True
SKU-2006,CH-APP,LOJA-03,61,True
SKU-2006,CH-FISICO,LOJA-01,78,True
SKU-2006,CH-FISICO,LOJA-02,20,True
SKU-2006,CH-FISICO,LOJA-03,80,True
SKU-2006,CH-FISICO,LOJA-04,101,True
SKU-2006,CH-FISICO,LOJA-05,102,True
SKU-2006,CH-TELEVENDAS,LOJA-TELEVENDAS,177,True
SKU-2007,CH-WEB,LOJA-WEB,49,True
SKU-2007,CH-APP,LOJA-01,94,True
SKU-2007,CH-APP,LOJA-02,22,True
SKU-2007,CH-APP,LOJA-03,83,True
SKU-2007,CH-FISICO,LOJA-01,112,True
SKU-2007,CH-FISICO,LOJA-02,106,True
SKU-2007,CH-FISICO,LOJA-03,107,True
SKU-2007,CH-FISICO,LOJA-04,53,True
SKU-2007,CH-FISICO,LOJA-05,130,True
SKU-2007,CH-TELEVENDAS,LOJA-TELEVENDAS,107,True
SKU-2008,CH-WEB,LOJA-WEB,100,True
SKU-2008,CH-APP,LOJA-01,47,True
SKU-2008,CH-APP,LOJA-02,6,True
SKU-2008,CH-APP,LOJA-03,138,True
SKU-2008,CH-FISICO,LOJA-01,137,True
SKU-2008,CH-FISICO,LOJA-02,64,True
SKU-2008,CH-FISICO,LOJA-03,111,True
SKU-2008,CH-FISICO,LOJA-04,113,True
SKU-2008,CH-FISICO,LOJA-05,69,True
SKU-2008,CH-TELEVENDAS,LOJA-TELEVENDAS,103,True
SKU-2009,CH-WEB,LOJA-WEB,151,True
SKU-2009,CH-APP,LOJA-01,121,True
SKU-2009,CH-APP,LOJA-02,43,True
SKU-2009,CH-APP,LOJA-03,171,True
SKU-2009,CH-FISICO,LOJA-01,100,True
SKU-2009,CH-FISICO,LOJA-02,55,True
SKU-2009,CH-FISICO,LOJA-03,10,True
SKU-2009,CH-FISICO,LOJA-04,136,True
SKU-2009,CH-FISICO,LOJA-05,188,True
SKU-2009,CH-TELEVENDAS,LOJA-TELEVENDAS,122,True
SKU-2010,CH-WEB,LOJA-WEB,80,True
SKU-2010,CH-APP,LOJA-01,186,True
SKU-2010,CH-APP,LOJA-02,16,True
SKU-2010,CH-APP,LOJA-03,111,True
SKU-2010,CH-FISICO,LOJA-01,40,True
SKU-2010,CH-FISICO,LOJA-02,16,True
SKU-2010,CH-FISICO,LOJA-03,135,True
SKU-2010,CH-FISICO,LOJA-04,92,True
SKU-2010,CH-FISICO,LOJA-05,62,True
SKU-2010,CH-TELEVENDAS,LOJA-TELEVENDAS,129,True
SKU-2011,CH-WEB,LOJA-WEB,44,True
SKU-2011,CH-APP,LOJA-01,135,True
SKU-2011,CH-APP,LOJA-02,136,True
SKU-2011,CH-APP,LOJA-03,133,True
SKU-2011,CH-FISICO,LOJA-01,26,True
SKU-2011,CH-FISICO,LOJA-02,21,True
SKU-2011,CH-FISICO,LOJA-03,186,True
SKU-2011,CH-FISICO,LOJA-04,114,True
SKU-2011,CH-FISICO,LOJA-05,152,True
SKU-2011,CH-TELEVENDAS,LOJA-TELEVENDAS,171,True
SKU-2012,CH-WEB,LOJA-WEB,124,True
SKU-2012,CH-APP,LOJA-01,115,True
SKU-2012,CH-APP,LOJA-02,159,True
SKU-2012,CH-APP,LOJA-03,6,True
SKU-2012,CH-FISICO,LOJA-01,107,True
SKU-2012,CH-FISICO,LOJA-02,186,True
SKU-2012,CH-FISICO,LOJA-03,59,True
SKU-2012,CH-FISICO,LOJA-04,125,True
SKU-2012,CH-FISICO,LOJA-05,193,True
SKU-2012,CH-TELEVENDAS,LOJA-TELEVENDAS,21,True
SKU-2013,CH-WEB,LOJA-WEB,111,True
SKU-2013,CH-APP,LOJA-01,85,True
SKU-2013,CH-APP,LOJA-02,39,True
SKU-2013,CH-APP,LOJA-03,84,True
SKU-2013,CH-FISICO,LOJA-01,76,True
SKU-2013,CH-FISICO,LOJA-02,180,True
SKU-2013,CH-FISICO,LOJA-03,146,True
SKU-2013,CH-FISICO,LOJA-04,117,True
SKU-2013,CH-FISICO,LOJA-05,116,True
SKU-2013,CH-TELEVENDAS,LOJA-TELEVENDAS,43,True
SKU-2014,CH-WEB,LOJA-WEB,54,True
SKU-2014,CH-APP,LOJA-01,25,True
SKU-2014,CH-APP,LOJA-02,114,True
SKU-2014,CH-APP,LOJA-03,102,True
SKU-2014,CH-FISICO,LOJA-01,108,True
SKU-2014,CH-FISICO,LOJA-02,83,True
SKU-2014,CH-FISICO,LOJA-03,153,True
SKU-2014,CH-FISICO,LOJA-04,36,True
SKU-2014,CH-FISICO,LOJA-05,11,True
SKU-2014,CH-TELEVENDAS,LOJA-TELEVENDAS,55,True
SKU-2015,CH-WEB,LOJA-WEB,14,True
SKU-2015,CH-APP,LOJA-01,167,True
SKU-2015,CH-APP,LOJA-02,162,True
SKU-2015,CH-APP,LOJA-03,21,True
SKU-2015,CH-FISICO,LOJA-01,132,True
SKU-2015,CH-FISICO,LOJA-02,87,True
SKU-2015,CH-FISICO,LOJA-03,121,True
SKU-2015,CH-FISICO,LOJA-04,98,True
SKU-2015,CH-FISICO,LOJA-05,24,True
SKU-2015,CH-TELEVENDAS,LOJA-TELEVENDAS,128,True
SKU-2016,CH-WEB,LOJA-WEB,114,True
SKU-2016,CH-APP,LOJA-01,4,True
SKU-2016,CH-APP,LOJA-02,6,True
SKU-2016,CH-APP,LOJA-03,3,True
SKU-2016,CH-FISICO,LOJA-01,0,False
SKU-2016,CH-FISICO,LOJA-02,84,True
SKU-2016,CH-FISICO,LOJA-03,168,True
SKU-2016,CH-FISICO,LOJA-04,111,True
SKU-2016,CH-FISICO,LOJA-05,132,True
SKU-2016,CH-TELEVENDAS,LOJA-TELEVENDAS,171,True
SKU-2017,CH-WEB,LOJA-WEB,15,True
SKU-2017,CH-APP,LOJA-01,26,True
SKU-2017,CH-APP,LOJA-02,63,True
SKU-2017,CH-APP,LOJA-03,156,True
SKU-2017,CH-FISICO,LOJA-01,61,True
SKU-2017,CH-FISICO,LOJA-02,186,True
SKU-2017,CH-FISICO,LOJA-03,152,True
SKU-2017,CH-FISICO,LOJA-04,100,True
SKU-2017,CH-FISICO,LOJA-05,56,True
SKU-2017,CH-TELEVENDAS,LOJA-TELEVENDAS,118,True
SKU-2018,CH-WEB,LOJA-WEB,99,True
SKU-2018,CH-APP,LOJA-01,76,True
SKU-2018,CH-APP,LOJA-02,131,True
SKU-2018,CH-APP,LOJA-03,50,True
SKU-2018,CH-FISICO,LOJA-01,47,True
SKU-2018,CH-FISICO,LOJA-02,193,True
SKU-2018,CH-FISICO,LOJA-03,3,True
SKU-2018,CH-FISICO,LOJA-04,198,True
SKU-2018,CH-FISICO,LOJA-05,199,True
SKU-2018,CH-TELEVENDAS,LOJA-TELEVENDAS,61,True
SKU-2019,CH-WEB,LOJA-WEB,98,True
SKU-2019,CH-APP,LOJA-01,141,True
SKU-2019,CH-APP,LOJA-02,168,True
SKU-2019,CH-APP,LOJA-03,196,True
SKU-2019,CH-FISICO,LOJA-01,41,True
SKU-2019,CH-FISICO,LOJA-02,140,True
SKU-2019,CH-FISICO,LOJA-03,90,True
SKU-2019,CH-FISICO,LOJA-04,128,True
SKU-2019,CH-FISICO,LOJA-05,46,True
SKU-2019,CH-TELEVENDAS,LOJA-TELEVENDAS,183,True
SKU-2020,CH-WEB,LOJA-WEB,142,True
SKU-2020,CH-APP,LOJA-01,69,True
SKU-2020,CH-APP,LOJA-02,45,True
SKU-2020,CH-APP,LOJA-03,6,True
SKU-2020,CH-FISICO,LOJA-01,176,True
SKU-2020,CH-FISICO,LOJA-02,117,True
SKU-2020,CH-FISICO,LOJA-03,51,True
SKU-2020,CH-FISICO,LOJA-04,34,True
SKU-2020,CH-FISICO,LOJA-05,2,True
SKU-2020,CH-TELEVENDAS,LOJA-TELEVENDAS,82,True
SKU-2021,CH-WEB,LOJA-WEB,157,True
SKU-2021,CH-APP,LOJA-01,102,True
SKU-2021,CH-APP,LOJA-02,11,True
SKU-2021,CH-APP,LOJA-03,61,True
SKU-2021,CH-FISICO,LOJA-01,112,True
SKU-2021,CH-FISICO,LOJA-02,112,True
SKU-2021,CH-FISICO,LOJA-03,37,True
SKU-2021,CH-FISICO,LOJA-04,47,True
SKU-2021,CH-FISICO,LOJA-05,55,True
SKU-2021,CH-TELEVENDAS,LOJA-TELEVENDAS,101,True
SKU-2022,CH-WEB,LOJA-WEB,158,True
SKU-2022,CH-APP,LOJA-01,8,True
SKU-2022,CH-APP,LOJA-02,139,True
SKU-2022,CH-APP,LOJA-03,191,True
SKU-2022,CH-FISICO,LOJA-01,35,True
SKU-2022,CH-FISICO,LOJA-02,131,True
SKU-2022,CH-FISICO,LOJA-03,111,True
SKU-2022,CH-FISICO,LOJA-04,104,True
SKU-2022,CH-FISICO,LOJA-05,10,True
SKU-2022,CH-TELEVENDAS,LOJA-TELEVENDAS,47,True
SKU-2023,CH-WEB,LOJA-WEB,195,True
SKU-2023,CH-APP,LOJA-01,69,True
SKU-2023,CH-APP,LOJA-02,179,True
SKU-2023,CH-APP,LOJA-03,53,True
SKU-2023,CH-FISICO,LOJA-01,40,True
SKU-2023,CH-FISICO,LOJA-02,74,True
SKU-2023,CH-FISICO,LOJA-03,4,True
SKU-2023,CH-FISICO,LOJA-04,115,True
SKU-2023,CH-FISICO,LOJA-05,23,True
SKU-2023,CH-TELEVENDAS,LOJA-TELEVENDAS,168,True
SKU-2024,CH-WEB,LOJA-WEB,133,True
SKU-2024,CH-APP,LOJA-01,119,True
SKU-2024,CH-APP,LOJA-02,145,True
SKU-2024,CH-APP,LOJA-03,129,True
SKU-2024,CH-FISICO,LOJA-01,39,True
SKU-2024,CH-FISICO,LOJA-02,81,True
SKU-2024,CH-FISICO,LOJA-03,181,True
SKU-2024,CH-FISICO,LOJA-04,28,True
SKU-2024,CH-FISICO,LOJA-05,130,True
SKU-2024,CH-TELEVENDAS,LOJA-TELEVENDAS,130,True
SKU-2025,CH-WEB,LOJA-WEB,115,True
SKU-2025,CH-APP,LOJA-01,64,True
SKU-2025,CH-APP,LOJA-02,184,True
SKU-2025,CH-APP,LOJA-03,126,True
SKU-2025,CH-FISICO,LOJA-01,48,True
SKU-2025,CH-FISICO,LOJA-02,74,True
SKU-2025,CH-FISICO,LOJA-03,93,True
SKU-2025,CH-FISICO,LOJA-04,85,True
SKU-2025,CH-FISICO,LOJA-05,78,True
SKU-2025,CH-TELEVENDAS,LOJA-TELEVENDAS,119,True
SKU-2026,CH-WEB,LOJA-WEB,142,True
SKU-2026,CH-APP,LOJA-01,198,True
SKU-2026,CH-APP,LOJA-02,19,True
SKU-2026,CH-APP,LOJA-03,103,True
SKU-2026,CH-FISICO,LOJA-01,108,True
SKU-2026,CH-FISICO,LOJA-02,181,True
SKU-2026,CH-FISICO,LOJA-03,132,True
SKU-2026,CH-FISICO,LOJA-04,192,True
SKU-2026,CH-FISICO,LOJA-05,100,True
SKU-2026,CH-TELEVENDAS,LOJA-TELEVENDAS,54,True
SKU-2027,CH-WEB,LOJA-WEB,121,True
SKU-2027,CH-APP,LOJA-01,70,True
SKU-2027,CH-APP,LOJA-02,96,True
SKU-2027,CH-APP,LOJA-03,138,True
SKU-2027,CH-FISICO,LOJA-01,64,True
SKU-2027,CH-FISICO,LOJA-02,43,True
SKU-2027,CH-FISICO,LOJA-03,176,True
SKU-2027,CH-FISICO,LOJA-04,30,True
SKU-2027,CH-FISICO,LOJA-05,81,True
SKU-2027,CH-TELEVENDAS,LOJA-TELEVENDAS,113,True
SKU-2028,CH-WEB,LOJA-WEB,40,True
SKU-2028,CH-APP,LOJA-01,33,True
SKU-2028,CH-APP,LOJA-02,26,True
SKU-2028,CH-APP,LOJA-03,153,True
SKU-2028,CH-FISICO,LOJA-01,43,True
SKU-2028,CH-FISICO,LOJA-02,32,True
SKU-2028,CH-FISICO,LOJA-03,4,True
SKU-2028,CH-FISICO,LOJA-04,125,True
SKU-2028,CH-FISICO,LOJA-05,151,True
SKU-2028,CH-TELEVENDAS,LOJA-TELEVENDAS,106,True
SKU-2029,CH-WEB,LOJA-WEB,40,True
SKU-2029,CH-APP,LOJA-01,161,True
SKU-2029,CH-APP,LOJA-02,27,True
SKU-2029,CH-APP,LOJA-03,130,True
SKU-2029,CH-FISICO,LOJA-01,7,True
SKU-2029,CH-FISICO,LOJA-02,120,True
SKU-2029,CH-FISICO,LOJA-03,23,True
SKU-2029,CH-FISICO,LOJA-04,46,True
SKU-2029,CH-FISICO,LOJA-05,59,True
SKU-2029,CH-TELEVENDAS,LOJA-TELEVENDAS,10,True
SKU-2030,CH-WEB,LOJA-WEB,17,True
SKU-2030,CH-APP,LOJA-01,50,True
SKU-2030,CH-APP,LOJA-02,40,True
SKU-2030,CH-APP,LOJA-03,123,True
SKU-2030,CH-FISICO,LOJA-01,146,True
SKU-2030,CH-FISICO,LOJA-02,2,True
SKU-2030,CH-FISICO,LOJA-03,148,True
SKU-2030,CH-FISICO,LOJA-04,155,True
SKU-2030,CH-FISICO,LOJA-05,78,True
SKU-2030,CH-TELEVENDAS,LOJA-TELEVENDAS,142,True
SKU-2031,CH-WEB,LOJA-WEB,160,True
SKU-2031,CH-APP,LOJA-01,20,True
SKU-2031,CH-APP,LOJA-02,13,True
SKU-2031,CH-APP,LOJA-03,181,True
SKU-2031,CH-FISICO,LOJA-01,91,True
SKU-2031,CH-FISICO,LOJA-02,100,True
SKU-2031,CH-FISICO,LOJA-03,150,True
SKU-2031,CH-FISICO,LOJA-04,114,True
SKU-2031,CH-FISICO,LOJA-05,194,True
SKU-2031,CH-TELEVENDAS,LOJA-TELEVENDAS,185,True
SKU-2032,CH-WEB,LOJA-WEB,172,True
SKU-2032,CH-APP,LOJA-01,121,True
SKU-2032,CH-APP,LOJA-02,51,True
SKU-2032,CH-APP,LOJA-03,66,True
SKU-2032,CH-FISICO,LOJA-01,196,True
SKU-2032,CH-FISICO,LOJA-02,77,True
SKU-2032,CH-FISICO,LOJA-03,69,True
SKU-2032,CH-FISICO,LOJA-04,188,True
SKU-2032,CH-FISICO,LOJA-05,81,True
SKU-2032,CH-TELEVENDAS,LOJA-TELEVENDAS,16,True
SKU-2033,CH-WEB,LOJA-WEB,23,True
SKU-2033,CH-APP,LOJA-01,82,True
SKU-2033,CH-APP,LOJA-02,34,True
SKU-2033,CH-APP,LOJA-03,175,True
SKU-2033,CH-FISICO,LOJA-01,157,True
SKU-2033,CH-FISICO,LOJA-02,23,True
SKU-2033,CH-FISICO,LOJA-03,56,True
SKU-2033,CH-FISICO,LOJA-04,170,True
SKU-2033,CH-FISICO,LOJA-05,25,True
SKU-2033,CH-TELEVENDAS,LOJA-TELEVENDAS,50,True
SKU-2034,CH-WEB,LOJA-WEB,66,True
SKU-2034,CH-APP,LOJA-01,122,True
SKU-2034,CH-APP,LOJA-02,168,True
SKU-2034,CH-APP,LOJA-03,78,True
SKU-2034,CH-FISICO,LOJA-01,1,True
SKU-2034,CH-FISICO,LOJA-02,47,True
SKU-2034,CH-FISICO,LOJA-03,9,True
SKU-2034,CH-FISICO,LOJA-04,36,True
SKU-2034,CH-FISICO,LOJA-05,42,True
SKU-2034,CH-TELEVENDAS,LOJA-TELEVENDAS,46,True
SKU-2035,CH-WEB,LOJA-WEB,1,True
SKU-2035,CH-APP,LOJA-01,191,True
SKU-2035,CH-APP,LOJA-02,178,True
SKU-2035,CH-APP,LOJA-03,120,True
SKU-2035,CH-FISICO,LOJA-01,21,True
SKU-2035,CH-FISICO,LOJA-02,137,True
SKU-2035,CH-FISICO,LOJA-03,59,True
SKU-2035,CH-FISICO,LOJA-04,183,True
SKU-2035,CH-FISICO,LOJA-05,42,True
SKU-2035,CH-TELEVENDAS,LOJA-TELEVENDAS,137,True
SKU-2036,CH-WEB,LOJA-WEB,72,True
SKU-2036,CH-APP,LOJA-01,192,True
SKU-2036,CH-APP,LOJA-02,74,True
SKU-2036,CH-APP,LOJA-03,108,True
SKU-2036,CH-FISICO,LOJA-01,139,True
SKU-2036,CH-FISICO,LOJA-02,174,True
SKU-2036,CH-FISICO,LOJA-03,60,True
SKU-2036,CH-FISICO,LOJA-04,158,True
SKU-2036,CH-FISICO,LOJA-05,51,True
SKU-2036,CH-TELEVENDAS,LOJA-TELEVENDAS,191,True
SKU-2037,CH-WEB,LOJA-WEB,19,True
SKU-2037,CH-APP,LOJA-01,51,True
SKU-2037,CH-APP,LOJA-02,40,True
SKU-2037,CH-APP,LOJA-03,106,True
SKU-2037,CH-FISICO,LOJA-01,181,True
SKU-2037,CH-FISICO,LOJA-02,110,True
SKU-2037,CH-FISICO,LOJA-03,63,True
SKU-2037,CH-FISICO,LOJA-04,182,True
SKU-2037,CH-FISICO,LOJA-05,72,True
SKU-2037,CH-TELEVENDAS,LOJA-TELEVENDAS,40,True
SKU-2038,CH-WEB,LOJA-WEB,46,True
SKU-2038,CH-APP,LOJA-01,167,True
SKU-2038,CH-APP,LOJA-02,29,True
SKU-2038,CH-APP,LOJA-03,26,True
SKU-2038,CH-FISICO,LOJA-01,140,True
SKU-2038,CH-FISICO,LOJA-02,12,True
SKU-2038,CH-FISICO,LOJA-03,2,True
SKU-2038,CH-FISICO,LOJA-04,184,True
SKU-2038,CH-FISICO,LOJA-05,145,True
SKU-2038,CH-TELEVENDAS,LOJA-TELEVENDAS,72,True
SKU-2039,CH-WEB,LOJA-WEB,72,True
SKU-2039,CH-APP,LOJA-01,1,True
SKU-2039,CH-APP,LOJA-02,115,True
SKU-2039,CH-APP,LOJA-03,143,True
SKU-2039,CH-FISICO,LOJA-01,117,True
SKU-2039,CH-FISICO,LOJA-02,88,True
SKU-2039,CH-FISICO,LOJA-03,18,True
SKU-2039,CH-FISICO,LOJA-04,123,True
SKU-2039,CH-FISICO,LOJA-05,184,True
SKU-2039,CH-TELEVENDAS,LOJA-TELEVENDAS,141,True
SKU-2040,CH-WEB,LOJA-WEB,172,True
SKU-2040,CH-APP,LOJA-01,15,True
SKU-2040,CH-APP,LOJA-02,15,True
SKU-2040,CH-APP,LOJA-03,169,True
SKU-2040,CH-FISICO,LOJA-01,93,True
SKU-2040,CH-FISICO,LOJA-02,36,True
SKU-2040,CH-FISICO,LOJA-03,63,True
SKU-2040,CH-FISICO,LOJA-04,168,True
SKU-2040,CH-FISICO,LOJA-05,117,True
SKU-2040,CH-TELEVENDAS,LOJA-TELEVENDAS,179,True
SKU-2041,CH-WEB,LOJA-WEB,44,True
SKU-2041,CH-APP,LOJA-01,0,False
SKU-2041,CH-APP,LOJA-02,121,True
SKU-2041,CH-APP,LOJA-03,86,True
SKU-2041,CH-FISICO,LOJA-01,6,True
SKU-2041,CH-FISICO,LOJA-02,169,True
SKU-2041,CH-FISICO,LOJA-03,179,True
SKU-2041,CH-FISICO,LOJA-04,165,True
SKU-2041,CH-FISICO,LOJA-05,4,True
SKU-2041,CH-TELEVENDAS,LOJA-TELEVENDAS,139,True
SKU-2042,CH-WEB,LOJA-WEB,64,True
SKU-2042,CH-APP,LOJA-01,165,True
SKU-2042,CH-APP,LOJA-02,20,True
SKU-2042,CH-APP,LOJA-03,47,True
SKU-2042,CH-FISICO,LOJA-01,12,True
SKU-2042,CH-FISICO,LOJA-02,200,True
SKU-2042,CH-FISICO,LOJA-03,35,True
SKU-2042,CH-FISICO,LOJA-04,117,True
SKU-2042,CH-FISICO,LOJA-05,131,True
SKU-2042,CH-TELEVENDAS,LOJA-TELEVENDAS,4,True
SKU-2043,CH-WEB,LOJA-WEB,43,True
SKU-2043,CH-APP,LOJA-01,67,True
SKU-2043,CH-APP,LOJA-02,31,True
SKU-2043,CH-APP,LOJA-03,29,True
SKU-2043,CH-FISICO,LOJA-01,160,True
SKU-2043,CH-FISICO,LOJA-02,0,False
SKU-2043,CH-FISICO,LOJA-03,5,True
SKU-2043,CH-FISICO,LOJA-04,180,True
SKU-2043,CH-FISICO,LOJA-05,37,True
SKU-2043,CH-TELEVENDAS,LOJA-TELEVENDAS,8,True
SKU-2044,CH-WEB,LOJA-WEB,188,True
SKU-2044,CH-APP,LOJA-01,95,True
SKU-2044,CH-APP,LOJA-02,75,True
SKU-2044,CH-APP,LOJA-03,10,True
SKU-2044,CH-FISICO,LOJA-01,75,True
SKU-2044,CH-FISICO,LOJA-02,11,True
SKU-2044,CH-FISICO,LOJA-03,16,True
SKU-2044,CH-FISICO,LOJA-04,79,True
SKU-2044,CH-FISICO,LOJA-05,174,True
SKU-2044,CH-TELEVENDAS,LOJA-TELEVENDAS,199,True
SKU-2045,CH-WEB,LOJA-WEB,173,True
SKU-2045,CH-APP,LOJA-01,100,True
SKU-2045,CH-APP,LOJA-02,64,True
SKU-2045,CH-APP,LOJA-03,159,True
SKU-2045,CH-FISICO,LOJA-01,122,True
SKU-2045,CH-FISICO,LOJA-02,76,True
SKU-2045,CH-FISICO,LOJA-03,114,True
SKU-2045,CH-FISICO,LOJA-04,133,True
SKU-2045,CH-FISICO,LOJA-05,151,True
SKU-2045,CH-TELEVENDAS,LOJA-TELEVENDAS,134,True
SKU-2046,CH-WEB,LOJA-WEB,133,True
SKU-2046,CH-APP,LOJA-01,55,True
SKU-2046,CH-APP,LOJA-02,195,True
SKU-2046,CH-APP,LOJA-03,132,True
SKU-2046,CH-FISICO,LOJA-01,122,True
SKU-2046,CH-FISICO,LOJA-02,186,True
SKU-2046,CH-FISICO,LOJA-03,170,True
SKU-2046,CH-FISICO,LOJA-04,170,True
SKU-2046,CH-FISICO,LOJA-05,160,True
SKU-2046,CH-TELEVENDAS,LOJA-TELEVENDAS,87,True
SKU-2047,CH-WEB,LOJA-WEB,16,True
SKU-2047,CH-APP,LOJA-01,154,True
SKU-2047,CH-APP,LOJA-02,41,True
SKU-2047,CH-APP,LOJA-03,156,True
SKU-2047,CH-FISICO,LOJA-01,42,True
SKU-2047,CH-FISICO,LOJA-02,96,True
SKU-2047,CH-FISICO,LOJA-03,47,True
SKU-2047,CH-FISICO,LOJA-04,96,True
SKU-2047,CH-FISICO,LOJA-05,106,True
SKU-2047,CH-TELEVENDAS,LOJA-TELEVENDAS,39,True
SKU-2048,CH-WEB,LOJA-WEB,129,True
SKU-2048,CH-APP,LOJA-01,65,True
SKU-2048,CH-APP,LOJA-02,36,True
SKU-2048,CH-APP,LOJA-03,74,True
SKU-2048,CH-FISICO,LOJA-01,44,True
SKU-2048,CH-FISICO,LOJA-02,167,True
SKU-2048,CH-FISICO,LOJA-03,182,True
SKU-2048,CH-FISICO,LOJA-04,69,True
SKU-2048,CH-FISICO,LOJA-05,123,True
SKU-2048,CH-TELEVENDAS,LOJA-TELEVENDAS,57,True
SKU-2049,CH-WEB,LOJA-WEB,38,True
SKU-2049,CH-APP,LOJA-01,199,True
SKU-2049,CH-APP,LOJA-02,126,True
SKU-2049,CH-APP,LOJA-03,31,True
SKU-2049,CH-FISICO,LOJA-01,63,True
SKU-2049,CH-FISICO,LOJA-02,47,True
SKU-2049,CH-FISICO,LOJA-03,172,True
SKU-2049,CH-FISICO,LOJA-04,121,True
SKU-2049,CH-FISICO,LOJA-05,64,True
SKU-2049,CH-TELEVENDAS,LOJA-TELEVENDAS,123,True
SKU-2050,CH-WEB,LOJA-WEB,193,True
SKU-2050,CH-APP,LOJA-01,91,True
SKU-2050,CH-APP,LOJA-02,188,True
SKU-2050,CH-APP,LOJA-03,77,True
SKU-2050,CH-FISICO,LOJA-01,69,True
SKU-2050,CH-FISICO,LOJA-02,190,True
SKU-2050,CH-FISICO,LOJA-03,24,True
SKU-2050,CH-FISICO,LOJA-04,108,True
SKU-2050,CH-FISICO,LOJA-05,2,True
SKU-2050,CH-TELEVENDAS,LOJA-TELEVENDAS,67,True
SKU-2051,CH-WEB,LOJA-WEB,128,True
SKU-2051,CH-APP,LOJA-01,178,True
SKU-2051,CH-APP,LOJA-02,37,True
SKU-2051,CH-APP,LOJA-03,60,True
SKU-2051,CH-FISICO,LOJA-01,185,True
SKU-2051,CH-FISICO,LOJA-02,87,True
SKU-2051,CH-FISICO,LOJA-03,60,True
SKU-2051,CH-FISICO,LOJA-04,142,True
SKU-2051,CH-FISICO,LOJA-05,95,True
SKU-2051,CH-TELEVENDAS,LOJA-TELEVENDAS,156,True
SKU-2052,CH-WEB,LOJA-WEB,96,True
SKU-2052,CH-APP,LOJA-01,86,True
SKU-2052,CH-APP,LOJA-02,62,True
SKU-2052,CH-APP,LOJA-03,9,True
SKU-2052,CH-FISICO,LOJA-01,180,True
SKU-2052,CH-FISICO,LOJA-02,37,True
SKU-2052,CH-FISICO,LOJA-03,35,True
SKU-2052,CH-FISICO,LOJA-04,1,True
SKU-2052,CH-FISICO,LOJA-05,149,True
SKU-2052,CH-TELEVENDAS,LOJA-TELEVENDAS,184,True
SKU-2053,CH-WEB,LOJA-WEB,54,True
SKU-2053,CH-APP,LOJA-01,55,True
SKU-2053,CH-APP,LOJA-02,71,True
SKU-2053,CH-APP,LOJA-03,177,True
SKU-2053,CH-FISICO,LOJA-01,56,True
SKU-2053,CH-FISICO,LOJA-02,134,True
SKU-2053,CH-FISICO,LOJA-03,91,True
SKU-2053,CH-FISICO,LOJA-04,64,True
SKU-2053,CH-FISICO,LOJA-05,15,True
SKU-2053,CH-TELEVENDAS,LOJA-TELEVENDAS,77,True
SKU-2054,CH-WEB,LOJA-WEB,47,True
SKU-2054,CH-APP,LOJA-01,133,True
SKU-2054,CH-APP,LOJA-02,80,True
SKU-2054,CH-APP,LOJA-03,92,True
SKU-2054,CH-FISICO,LOJA-01,22,True
SKU-2054,CH-FISICO,LOJA-02,123,True
SKU-2054,CH-FISICO,LOJA-03,59,True
SKU-2054,CH-FISICO,LOJA-04,178,True
SKU-2054,CH-FISICO,LOJA-05,94,True
SKU-2054,CH-TELEVENDAS,LOJA-TELEVENDAS,175,True
SKU-2055,CH-WEB,LOJA-WEB,6,True
SKU-2055,CH-APP,LOJA-01,191,True
SKU-2055,CH-APP,LOJA-02,50,True
SKU-2055,CH-APP,LOJA-03,77,True
SKU-2055,CH-FISICO,LOJA-01,197,True
SKU-2055,CH-FISICO,LOJA-02,72,True
SKU-2055,CH-FISICO,LOJA-03,72,True
SKU-2055,CH-FISICO,LOJA-04,113,True
SKU-2055,CH-FISICO,LOJA-05,56,True
SKU-2055,CH-TELEVENDAS,LOJA-TELEVENDAS,8,True
SKU-2056,CH-WEB,LOJA-WEB,43,True
SKU-2056,CH-APP,LOJA-01,127,True
SKU-2056,CH-APP,LOJA-02,182,True
SKU-2056,CH-APP,LOJA-03,104,True
SKU-2056,CH-FISICO,LOJA-01,52,True
SKU-2056,CH-FISICO,LOJA-02,101,True
SKU-2056,CH-FISICO,LOJA-03,155,True
SKU-2056,CH-FISICO,LOJA-04,182,True
SKU-2056,CH-FISICO,LOJA-05,119,True
SKU-2056,CH-TELEVENDAS,LOJA-TELEVENDAS,192,True
SKU-2057,CH-WEB,LOJA-WEB,69,True
SKU-2057,CH-APP,LOJA-01,13,True
SKU-2057,CH-APP,LOJA-02,89,True
SKU-2057,CH-APP,LOJA-03,90,True
SKU-2057,CH-FISICO,LOJA-01,61,True
SKU-2057,CH-FISICO,LOJA-02,93,True
SKU-2057,CH-FISICO,LOJA-03,143,True
SKU-2057,CH-FISICO,LOJA-04,144,True
SKU-2057,CH-FISICO,LOJA-05,181,True
SKU-2057,CH-TELEVENDAS,LOJA-TELEVENDAS,100,True
SKU-2058,CH-WEB,LOJA-WEB,18,True
SKU-2058,CH-APP,LOJA-01,4,True
SKU-2058,CH-APP,LOJA-02,147,True
SKU-2058,CH-APP,LOJA-03,144,True
SKU-2058,CH-FISICO,LOJA-01,80,True
SKU-2058,CH-FISICO,LOJA-02,167,True
SKU-2058,CH-FISICO,LOJA-03,111,True
SKU-2058,CH-FISICO,LOJA-04,162,True
SKU-2058,CH-FISICO,LOJA-05,155,True
SKU-2058,CH-TELEVENDAS,LOJA-TELEVENDAS,131,True
SKU-2059,CH-WEB,LOJA-WEB,114,True
SKU-2059,CH-APP,LOJA-01,90,True
SKU-2059,CH-APP,LOJA-02,151,True
SKU-2059,CH-APP,LOJA-03,55,True
SKU-2059,CH-FISICO,LOJA-01,193,True
SKU-2059,CH-FISICO,LOJA-02,52,True
SKU-2059,CH-FISICO,LOJA-03,139,True
SKU-2059,CH-FISICO,LOJA-04,42,True
SKU-2059,CH-FISICO,LOJA-05,57,True
SKU-2059,CH-TELEVENDAS,LOJA-TELEVENDAS,39,True
SKU-2060,CH-WEB,LOJA-WEB,9,True
SKU-2060,CH-APP,LOJA-01,97,True
SKU-2060,CH-APP,LOJA-02,0,False
SKU-2060,CH-APP,LOJA-03,155,True
SKU-2060,CH-FISICO,LOJA-01,60,True
SKU-2060,CH-FISICO,LOJA-02,47,True
SKU-2060,CH-FISICO,LOJA-03,143,True
SKU-2060,CH-FISICO,LOJA-04,97,True
SKU-2060,CH-FISICO,LOJA-05,55,True
SKU-2060,CH-TELEVENDAS,LOJA-TELEVENDAS,1,True
SKU-2061,CH-WEB,LOJA-WEB,132,True
SKU-2061,CH-APP,LOJA-01,172,True
SKU-2061,CH-APP,LOJA-02,152,True
SKU-2061,CH-APP,LOJA-03,35,True
SKU-2061,CH-FISICO,LOJA-01,102,True
SKU-2061,CH-FISICO,LOJA-02,25,True
SKU-2061,CH-FISICO,LOJA-03,161,True
SKU-2061,CH-FISICO,LOJA-04,82,True
SKU-2061,CH-FISICO,LOJA-05,41,True
SKU-2061,CH-TELEVENDAS,LOJA-TELEVENDAS,74,True
SKU-2062,CH-WEB,LOJA-WEB,72,True
SKU-2062,CH-APP,LOJA-01,134,True
SKU-2062,CH-APP,LOJA-02,155,True
SKU-2062,CH-APP,LOJA-03,160,True
SKU-2062,CH-FISICO,LOJA-01,94,True
SKU-2062,CH-FISICO,LOJA-02,33,True
SKU-2062,CH-FISICO,LOJA-03,76,True
SKU-2062,CH-FISICO,LOJA-04,195,True
SKU-2062,CH-FISICO,LOJA-05,155,True
SKU-2062,CH-TELEVENDAS,LOJA-TELEVENDAS,80,True
SKU-2063,CH-WEB,LOJA-WEB,76,True
SKU-2063,CH-APP,LOJA-01,98,True
SKU-2063,CH-APP,LOJA-02,106,True
SKU-2063,CH-APP,LOJA-03,114,True
SKU-2063,CH-FISICO,LOJA-01,172,True
SKU-2063,CH-FISICO,LOJA-02,89,True
SKU-2063,CH-FISICO,LOJA-03,158,True
SKU-2063,CH-FISICO,LOJA-04,184,True
SKU-2063,CH-FISICO,LOJA-05,65,True
SKU-2063,CH-TELEVENDAS,LOJA-TELEVENDAS,18,True
SKU-2064,CH-WEB,LOJA-WEB,63,True
SKU-2064,CH-APP,LOJA-01,37,True
SKU-2064,CH-APP,LOJA-02,127,True
SKU-2064,CH-APP,LOJA-03,39,True
SKU-2064,CH-FISICO,LOJA-01,96,True
SKU-2064,CH-FISICO,LOJA-02,51,True
SKU-2064,CH-FISICO,LOJA-03,129,True
SKU-2064,CH-FISICO,LOJA-04,84,True
SKU-2064,CH-FISICO,LOJA-05,61,True
SKU-2064,CH-TELEVENDAS,LOJA-TELEVENDAS,119,True
SKU-2065,CH-WEB,LOJA-WEB,121,True
SKU-2065,CH-APP,LOJA-01,57,True
SKU-2065,CH-APP,LOJA-02,139,True
SKU-2065,CH-APP,LOJA-03,178,True
SKU-2065,CH-FISICO,LOJA-01,164,True
SKU-2065,CH-FISICO,LOJA-02,44,True
SKU-2065,CH-FISICO,LOJA-03,34,True
SKU-2065,CH-FISICO,LOJA-04,167,True
SKU-2065,CH-FISICO,LOJA-05,170,True
SKU-2065,CH-TELEVENDAS,LOJA-TELEVENDAS,126,True
SKU-2066,CH-WEB,LOJA-WEB,145,True
SKU-2066,CH-APP,LOJA-01,84,True
SKU-2066,CH-APP,LOJA-02,61,True
SKU-2066,CH-APP,LOJA-03,184,True
SKU-2066,CH-FISICO,LOJA-01,72,True
SKU-2066,CH-FISICO,LOJA-02,100,True
SKU-2066,CH-FISICO,LOJA-03,148,True
SKU-2066,CH-FISICO,LOJA-04,135,True
SKU-2066,CH-FISICO,LOJA-05,188,True
SKU-2066,CH-TELEVENDAS,LOJA-TELEVENDAS,71,True
SKU-2067,CH-WEB,LOJA-WEB,124,True
SKU-2067,CH-APP,LOJA-01,142,True
SKU-2067,CH-APP,LOJA-02,137,True
SKU-2067,CH-APP,LOJA-03,140,True
SKU-2067,CH-FISICO,LOJA-01,172,True
SKU-2067,CH-FISICO,LOJA-02,17,True
SKU-2067,CH-FISICO,LOJA-03,190,True
SKU-2067,CH-FISICO,LOJA-04,21,True
SKU-2067,CH-FISICO,LOJA-05,50,True
SKU-2067,CH-TELEVENDAS,LOJA-TELEVENDAS,120,True
SKU-2068,CH-WEB,LOJA-WEB,169,True
SKU-2068,CH-APP,LOJA-01,23,True
SKU-2068,CH-APP,LOJA-02,155,True
SKU-2068,CH-APP,LOJA-03,98,True
SKU-2068,CH-FISICO,LOJA-01,27,True
SKU-2068,CH-FISICO,LOJA-02,180,True
SKU-2068,CH-FISICO,LOJA-03,92,True
SKU-2068,CH-FISICO,LOJA-04,60,True
SKU-2068,CH-FISICO,LOJA-05,6,True
SKU-2068,CH-TELEVENDAS,LOJA-TELEVENDAS,110,True
SKU-2069,CH-WEB,LOJA-WEB,76,True
SKU-2069,CH-APP,LOJA-01,114,True
SKU-2069,CH-APP,LOJA-02,49,True
SKU-2069,CH-APP,LOJA-03,114,True
SKU-2069,CH-FISICO,LOJA-01,115,True
SKU-2069,CH-FISICO,LOJA-02,198,True
SKU-2069,CH-FISICO,LOJA-03,23,True
SKU-2069,CH-FISICO,LOJA-04,116,True
SKU-2069,CH-FISICO,LOJA-05,98,True
SKU-2069,CH-TELEVENDAS,LOJA-TELEVENDAS,41,True
SKU-2070,CH-WEB,LOJA-WEB,171,True
SKU-2070,CH-APP,LOJA-01,79,True
SKU-2070,CH-APP,LOJA-02,176,True
SKU-2070,CH-APP,LOJA-03,70,True
SKU-2070,CH-FISICO,LOJA-01,152,True
SKU-2070,CH-FISICO,LOJA-02,160,True
SKU-2070,CH-FISICO,LOJA-03,116,True
SKU-2070,CH-FISICO,LOJA-04,89,True
SKU-2070,CH-FISICO,LOJA-05,40,True
SKU-2070,CH-TELEVENDAS,LOJA-TELEVENDAS,119,True
SKU-2071,CH-WEB,LOJA-WEB,134,True
SKU-2071,CH-APP,LOJA-01,33,True
SKU-2071,CH-APP,LOJA-02,7,True
SKU-2071,CH-APP,LOJA-03,150,True
SKU-2071,CH-FISICO,LOJA-01,32,True
SKU-2071,CH-FISICO,LOJA-02,141,True
SKU-2071,CH-FISICO,LOJA-03,8,True
SKU-2071,CH-FISICO,LOJA-04,23,True
SKU-2071,CH-FISICO,LOJA-05,113,True
SKU-2071,CH-TELEVENDAS,LOJA-TELEVENDAS,39,True
SKU-2072,CH-WEB,LOJA-WEB,180,True
SKU-2072,CH-APP,LOJA-01,182,True
SKU-2072,CH-APP,LOJA-02,195,True
SKU-2072,CH-APP,LOJA-03,73,True
SKU-2072,CH-FISICO,LOJA-01,180,True
SKU-2072,CH-FISICO,LOJA-02,77,True
SKU-2072,CH-FISICO,LOJA-03,181,True
SKU-2072,CH-FISICO,LOJA-04,100,True
SKU-2072,CH-FISICO,LOJA-05,190,True
SKU-2072,CH-TELEVENDAS,LOJA-TELEVENDAS,181,True
SKU-2073,CH-WEB,LOJA-WEB,118,True
SKU-2073,CH-APP,LOJA-01,132,True
SKU-2073,CH-APP,LOJA-02,0,False
SKU-2073,CH-APP,LOJA-03,140,True
SKU-2073,CH-FISICO,LOJA-01,70,True
SKU-2073,CH-FISICO,LOJA-02,18,True
SKU-2073,CH-FISICO,LOJA-03,101,True
SKU-2073,CH-FISICO,LOJA-04,66,True
SKU-2073,CH-FISICO,LOJA-05,31,True
SKU-2073,CH-TELEVENDAS,LOJA-TELEVENDAS,1,True
SKU-2074,CH-WEB,LOJA-WEB,64,True
SKU-2074,CH-APP,LOJA-01,198,True
SKU-2074,CH-APP,LOJA-02,99,True
SKU-2074,CH-APP,LOJA-03,28,True
SKU-2074,CH-FISICO,LOJA-01,53,True
SKU-2074,CH-FISICO,LOJA-02,3,True
SKU-2074,CH-FISICO,LOJA-03,147,True
SKU-2074,CH-FISICO,LOJA-04,153,True
SKU-2074,CH-FISICO,LOJA-05,132,True
SKU-2074,CH-TELEVENDAS,LOJA-TELEVENDAS,105,True
SKU-2075,CH-WEB,LOJA-WEB,78,True
SKU-2075,CH-APP,LOJA-01,102,True
SKU-2075,CH-APP,LOJA-02,106,True
SKU-2075,CH-APP,LOJA-03,17,True
SKU-2075,CH-FISICO,LOJA-01,72,True
SKU-2075,CH-FISICO,LOJA-02,110,True
SKU-2075,CH-FISICO,LOJA-03,4,True
SKU-2075,CH-FISICO,LOJA-04,3,True
SKU-2075,CH-FISICO,LOJA-05,84,True
SKU-2075,CH-TELEVENDAS,LOJA-TELEVENDAS,82,True
SKU-2076,CH-WEB,LOJA-WEB,4,True
SKU-2076,CH-APP,LOJA-01,160,True
SKU-2076,CH-APP,LOJA-02,192,True
SKU-2076,CH-APP,LOJA-03,127,True
SKU-2076,CH-FISICO,LOJA-01,157,True
SKU-2076,CH-FISICO,LOJA-02,181,True
SKU-2076,CH-FISICO,LOJA-03,97,True
SKU-2076,CH-FISICO,LOJA-04,185,True
SKU-2076,CH-FISICO,LOJA-05,148,True
SKU-2076,CH-TELEVENDAS,LOJA-TELEVENDAS,199,True
SKU-2077,CH-WEB,LOJA-WEB,62,True
SKU-2077,CH-APP,LOJA-01,1,True
SKU-2077,CH-APP,LOJA-02,66,True
SKU-2077,CH-APP,LOJA-03,39,True
SKU-2077,CH-FISICO,LOJA-01,93,True
SKU-2077,CH-FISICO,LOJA-02,156,True
SKU-2077,CH-FISICO,LOJA-03,112,True
SKU-2077,CH-FISICO,LOJA-04,80,True
SKU-2077,CH-FISICO,LOJA-05,143,True
SKU-2077,CH-TELEVENDAS,LOJA-TELEVENDAS,83,True
SKU-2078,CH-WEB,LOJA-WEB,150,True
SKU-2078,CH-APP,LOJA-01,188,True
SKU-2078,CH-APP,LOJA-02,100,True
SKU-2078,CH-APP,LOJA-03,58,True
SKU-2078,CH-FISICO,LOJA-01,21,True
SKU-2078,CH-FISICO,LOJA-02,176,True
SKU-2078,CH-FISICO,LOJA-03,100,True
SKU-2078,CH-FISICO,LOJA-04,86,True
SKU-2078,CH-FISICO,LOJA-05,112,True
SKU-2078,CH-TELEVENDAS,LOJA-TELEVENDAS,166,True
SKU-2079,CH-WEB,LOJA-WEB,131,True
SKU-2079,CH-APP,LOJA-01,37,True
SKU-2079,CH-APP,LOJA-02,179,True
SKU-2079,CH-APP,LOJA-03,59,True
SKU-2079,CH-FISICO,LOJA-01,28,True
SKU-2079,CH-FISICO,LOJA-02,99,True
SKU-2079,CH-FISICO,LOJA-03,158,True
SKU-2079,CH-FISICO,LOJA-04,143,True
SKU-2079,CH-FISICO,LOJA-05,21,True
SKU-2079,CH-TELEVENDAS,LOJA-TELEVENDAS,53,True
SKU-2080,CH-WEB,LOJA-WEB,131,True
SKU-2080,CH-APP,LOJA-01,128,True
SKU-2080,CH-APP,LOJA-02,85,True
SKU-2080,CH-APP,LOJA-03,130,True
SKU-2080,CH-FISICO,LOJA-01,17,True
SKU-2080,CH-FISICO,LOJA-02,128,True
SKU-2080,CH-FISICO,LOJA-03,142,True
SKU-2080,CH-FISICO,LOJA-04,169,True
SKU-2080,CH-FISICO,LOJA-05,168,True
SKU-2080,CH-TELEVENDAS,LOJA-TELEVENDAS,144,True
SKU-2081,CH-WEB,LOJA-WEB,34,True
SKU-2081,CH-APP,LOJA-01,90,True
SKU-2081,CH-APP,LOJA-02,82,True
SKU-2081,CH-APP,LOJA-03,31,True
SKU-2081,CH-FISICO,LOJA-01,17,True
SKU-2081,CH-FISICO,LOJA-02,166,True
SKU-2081,CH-FISICO,LOJA-03,74,True
SKU-2081,CH-FISICO,LOJA-04,24,True
SKU-2081,CH-FISICO,LOJA-05,37,True
SKU-2081,CH-TELEVENDAS,LOJA-TELEVENDAS,60,True
SKU-2082,CH-WEB,LOJA-WEB,52,True
SKU-2082,CH-APP,LOJA-01,157,True
SKU-2082,CH-APP,LOJA-02,100,True
SKU-2082,CH-APP,LOJA-03,82,True
SKU-2082,CH-FISICO,LOJA-01,21,True
SKU-2082,CH-FISICO,LOJA-02,0,False
SKU-2082,CH-FISICO,LOJA-03,30,True
SKU-2082,CH-FISICO,LOJA-04,21,True
SKU-2082,CH-FISICO,LOJA-05,163,True
SKU-2082,CH-TELEVENDAS,LOJA-TELEVENDAS,117,True
SKU-2083,CH-WEB,LOJA-WEB,39,True
SKU-2083,CH-APP,LOJA-01,6,True
SKU-2083,CH-APP,LOJA-02,57,True
SKU-2083,CH-APP,LOJA-03,14,True
SKU-2083,CH-FISICO,LOJA-01,11,True
SKU-2083,CH-FISICO,LOJA-02,46,True
SKU-2083,CH-FISICO,LOJA-03,83,True
SKU-2083,CH-FISICO,LOJA-04,111,True
SKU-2083,CH-FISICO,LOJA-05,190,True
SKU-2083,CH-TELEVENDAS,LOJA-TELEVENDAS,124,True
SKU-2084,CH-WEB,LOJA-WEB,88,True
SKU-2084,CH-APP,LOJA-01,34,True
SKU-2084,CH-APP,LOJA-02,189,True
SKU-2084,CH-APP,LOJA-03,93,True
SKU-2084,CH-FISICO,LOJA-01,156,True
SKU-2084,CH-FISICO,LOJA-02,119,True
SKU-2084,CH-FISICO,LOJA-03,19,True
SKU-2084,CH-FISICO,LOJA-04,110,True
SKU-2084,CH-FISICO,LOJA-05,88,True
SKU-2084,CH-TELEVENDAS,LOJA-TELEVENDAS,189,True
SKU-2085,CH-WEB,LOJA-WEB,1,True
SKU-2085,CH-APP,LOJA-01,86,True
SKU-2085,CH-APP,LOJA-02,26,True
SKU-2085,CH-APP,LOJA-03,120,True
SKU-2085,CH-FISICO,LOJA-01,172,True
SKU-2085,CH-FISICO,LOJA-02,22,True
SKU-2085,CH-FISICO,LOJA-03,167,True
SKU-2085,CH-FISICO,LOJA-04,8,True
SKU-2085,CH-FISICO,LOJA-05,122,True
SKU-2085,CH-TELEVENDAS,LOJA-TELEVENDAS,186,True
SKU-2086,CH-WEB,LOJA-WEB,30,True
SKU-2086,CH-APP,LOJA-01,12,True
SKU-2086,CH-APP,LOJA-02,200,True
SKU-2086,CH-APP,LOJA-03,108,True
SKU-2086,CH-FISICO,LOJA-01,83,True
SKU-2086,CH-FISICO,LOJA-02,143,True
SKU-2086,CH-FISICO,LOJA-03,17,True
SKU-2086,CH-FISICO,LOJA-04,158,True
SKU-2086,CH-FISICO,LOJA-05,147,True
SKU-2086,CH-TELEVENDAS,LOJA-TELEVENDAS,45,True
SKU-2087,CH-WEB,LOJA-WEB,116,True
SKU-2087,CH-APP,LOJA-01,14,True
SKU-2087,CH-APP,LOJA-02,66,True
SKU-2087,CH-APP,LOJA-03,132,True
SKU-2087,CH-FISICO,LOJA-01,114,True
SKU-2087,CH-FISICO,LOJA-02,45,True
SKU-2087,CH-FISICO,LOJA-03,71,True
SKU-2087,CH-FISICO,LOJA-04,47,True
SKU-2087,CH-FISICO,LOJA-05,21,True
SKU-2087,CH-TELEVENDAS,LOJA-TELEVENDAS,89,True
SKU-2088,CH-WEB,LOJA-WEB,6,True
SKU-2088,CH-APP,LOJA-01,118,True
SKU-2088,CH-APP,LOJA-02,151,True
SKU-2088,CH-APP,LOJA-03,196,True
SKU-2088,CH-FISICO,LOJA-01,3,True
SKU-2088,CH-FISICO,LOJA-02,190,True
SKU-2088,CH-FISICO,LOJA-03,58,True
SKU-2088,CH-FISICO,LOJA-04,132,True
SKU-2088,CH-FISICO,LOJA-05,130,True
SKU-2088,CH-TELEVENDAS,LOJA-TELEVENDAS,162,True
SKU-2089,CH-WEB,LOJA-WEB,156,True
SKU-2089,CH-APP,LOJA-01,53,True
SKU-2089,CH-APP,LOJA-02,186,True
SKU-2089,CH-APP,LOJA-03,158,True
SKU-2089,CH-FISICO,LOJA-01,94,True
SKU-2089,CH-FISICO,LOJA-02,172,True
SKU-2089,CH-FISICO,LOJA-03,141,True
SKU-2089,CH-FISICO,LOJA-04,111,True
SKU-2089,CH-FISICO,LOJA-05,38,True
SKU-2089,CH-TELEVENDAS,LOJA-TELEVENDAS,56,True
SKU-2090,CH-WEB,LOJA-WEB,31,True
SKU-2090,CH-APP,LOJA-01,94,True
SKU-2090,CH-APP,LOJA-02,4,True
SKU-2090,CH-APP,LOJA-03,133,True
SKU-2090,CH-FISICO,LOJA-01,0,False
SKU-2090,CH-FISICO,LOJA-02,29,True
SKU-2090,CH-FISICO,LOJA-03,11,True
SKU-2090,CH-FISICO,LOJA-04,15,True
SKU-2090,CH-FISICO,LOJA-05,11,True
SKU-2090,CH-TELEVENDAS,LOJA-TELEVENDAS,174,True
SKU-2091,CH-WEB,LOJA-WEB,98,True
SKU-2091,CH-APP,LOJA-01,151,True
SKU-2091,CH-APP,LOJA-02,186,True
SKU-2091,CH-APP,LOJA-03,53,True
SKU-2091,CH-FISICO,LOJA-01,97,True
SKU-2091,CH-FISICO,LOJA-02,19,True
SKU-2091,CH-FISICO,LOJA-03,199,True
SKU-2091,CH-FISICO,LOJA-04,71,True
SKU-2091,CH-FISICO,LOJA-05,82,True
SKU-2091,CH-TELEVENDAS,LOJA-TELEVENDAS,92,True
SKU-2092,CH-WEB,LOJA-WEB,100,True
SKU-2092,CH-APP,LOJA-01,163,True
SKU-2092,CH-APP,LOJA-02,132,True
SKU-2092,CH-APP,LOJA-03,86,True
SKU-2092,CH-FISICO,LOJA-01,48,True
SKU-2092,CH-FISICO,LOJA-02,126,True
SKU-2092,CH-FISICO,LOJA-03,58,True
SKU-2092,CH-FISICO,LOJA-04,199,True
SKU-2092,CH-FISICO,LOJA-05,157,True
SKU-2092,CH-TELEVENDAS,LOJA-TELEVENDAS,101,True
SKU-2093,CH-WEB,LOJA-WEB,176,True
SKU-2093,CH-APP,LOJA-01,177,True
SKU-2093,CH-APP,LOJA-02,34,True
SKU-2093,CH-APP,LOJA-03,109,True
SKU-2093,CH-FISICO,LOJA-01,59,True
SKU-2093,CH-FISICO,LOJA-02,71,True
SKU-2093,CH-FISICO,LOJA-03,168,True
SKU-2093,CH-FISICO,LOJA-04,163,True
SKU-2093,CH-FISICO,LOJA-05,52,True
SKU-2093,CH-TELEVENDAS,LOJA-TELEVENDAS,130,True
SKU-2094,CH-WEB,LOJA-WEB,47,True
SKU-2094,CH-APP,LOJA-01,64,True
SKU-2094,CH-APP,LOJA-02,63,True
SKU-2094,CH-APP,LOJA-03,152,True
SKU-2094,CH-FISICO,LOJA-01,128,True
SKU-2094,CH-FISICO,LOJA-02,89,True
SKU-2094,CH-FISICO,LOJA-03,91,True
SKU-2094,CH-FISICO,LOJA-04,160,True
SKU-2094,CH-FISICO,LOJA-05,155,True
SKU-2094,CH-TELEVENDAS,LOJA-TELEVENDAS,66,True
SKU-2095,CH-WEB,LOJA-WEB,20,True
SKU-2095,CH-APP,LOJA-01,42,True
SKU-2095,CH-APP,LOJA-02,0,False
SKU-2095,CH-APP,LOJA-03,122,True
SKU-2095,CH-FISICO,LOJA-01,193,True
SKU-2095,CH-FISICO,LOJA-02,86,True
SKU-2095,CH-FISICO,LOJA-03,187,True
SKU-2095,CH-FISICO,LOJA-04,94,True
SKU-2095,CH-FISICO,LOJA-05,49,True
SKU-2095,CH-TELEVENDAS,LOJA-TELEVENDAS,141,True
SKU-2096,CH-WEB,LOJA-WEB,24,True
SKU-2096,CH-APP,LOJA-01,50,True
SKU-2096,CH-APP,LOJA-02,65,True
SKU-2096,CH-APP,LOJA-03,105,True
SKU-2096,CH-FISICO,LOJA-01,37,True
SKU-2096,CH-FISICO,LOJA-02,118,True
SKU-2096,CH-FISICO,LOJA-03,197,True
SKU-2096,CH-FISICO,LOJA-04,6,True
SKU-2096,CH-FISICO,LOJA-05,32,True
SKU-2096,CH-TELEVENDAS,LOJA-TELEVENDAS,85,True
SKU-2097,CH-WEB,LOJA-WEB,161,True
SKU-2097,CH-APP,LOJA-01,85,True
SKU-2097,CH-APP,LOJA-02,79,True
SKU-2097,CH-APP,LOJA-03,142,True
SKU-2097,CH-FISICO,LOJA-01,191,True
SKU-2097,CH-FISICO,LOJA-02,94,True
SKU-2097,CH-FISICO,LOJA-03,132,True
SKU-2097,CH-FISICO,LOJA-04,24,True
SKU-2097,CH-FISICO,LOJA-05,150,True
SKU-2097,CH-TELEVENDAS,LOJA-TELEVENDAS,68,True
SKU-2098,CH-WEB,LOJA-WEB,173,True
SKU-2098,CH-APP,LOJA-01,67,True
SKU-2098,CH-APP,LOJA-02,113,True
SKU-2098,CH-APP,LOJA-03,75,True
SKU-2098,CH-FISICO,LOJA-01,96,True
SKU-2098,CH-FISICO,LOJA-02,2,True
SKU-2098,CH-FISICO,LOJA-03,4,True
SKU-2098,CH-FISICO,LOJA-04,82,True
SKU-2098,CH-FISICO,LOJA-05,116,True
SKU-2098,CH-TELEVENDAS,LOJA-TELEVENDAS,31,True
SKU-2099,CH-WEB,LOJA-WEB,147,True
SKU-2099,CH-APP,LOJA-01,47,True
SKU-2099,CH-APP,LOJA-02,88,True
SKU-2099,CH-APP,LOJA-03,157,True
SKU-2099,CH-FISICO,LOJA-01,160,True
SKU-2099,CH-FISICO,LOJA-02,107,True
SKU-2099,CH-FISICO,LOJA-03,162,True
SKU-2099,CH-FISICO,LOJA-04,73,True
SKU-2099,CH-FISICO,LOJA-05,84,True
SKU-2099,CH-TELEVENDAS,LOJA-TELEVENDAS,30,True
SKU-2100,CH-WEB,LOJA-WEB,61,True
SKU-2100,CH-APP,LOJA-01,148,True
SKU-2100,CH-APP,LOJA-02,69,True
SKU-2100,CH-APP,LOJA-03,100,True
SKU-2100,CH-FISICO,LOJA-01,181,True
SKU-2100,CH-FISICO,LOJA-02,66,True
SKU-2100,CH-FISICO,LOJA-03,24,True
SKU-2100,CH-FISICO,LOJA-04,56,True
SKU-2100,CH-FISICO,LOJA-05,41,True
SKU-2100,CH-TELEVENDAS,LOJA-TELEVENDAS,129,True
SKU-2101,CH-WEB,LOJA-WEB,90,True
SKU-2101,CH-APP,LOJA-01,74,True
SKU-2101,CH-APP,LOJA-02,136,True
SKU-2101,CH-APP,LOJA-03,31,True
SKU-2101,CH-FISICO,LOJA-01,107,True
SKU-2101,CH-FISICO,LOJA-02,70,True
SKU-2101,CH-FISICO,LOJA-03,191,True
SKU-2101,CH-FISICO,LOJA-04,93,True
SKU-2101,CH-FISICO,LOJA-05,192,True
SKU-2101,CH-TELEVENDAS,LOJA-TELEVENDAS,186,True
SKU-2102,CH-WEB,LOJA-WEB,194,True
SKU-2102,CH-APP,LOJA-01,73,True
SKU-2102,CH-APP,LOJA-02,41,True
SKU-2102,CH-APP,LOJA-03,183,True
SKU-2102,CH-FISICO,LOJA-01,148,True
SKU-2102,CH-FISICO,LOJA-02,2,True
SKU-2102,CH-FISICO,LOJA-03,173,True
SKU-2102,CH-FISICO,LOJA-04,65,True
SKU-2102,CH-FISICO,LOJA-05,171,True
SKU-2102,CH-TELEVENDAS,LOJA-TELEVENDAS,59,True
SKU-2103,CH-WEB,LOJA-WEB,188,True
SKU-2103,CH-APP,LOJA-01,46,True
SKU-2103,CH-APP,LOJA-02,159,True
SKU-2103,CH-APP,LOJA-03,28,True
SKU-2103,CH-FISICO,LOJA-01,12,True
SKU-2103,CH-FISICO,LOJA-02,171,True
SKU-2103,CH-FISICO,LOJA-03,53,True
SKU-2103,CH-FISICO,LOJA-04,105,True
SKU-2103,CH-FISICO,LOJA-05,39,True
SKU-2103,CH-TELEVENDAS,LOJA-TELEVENDAS,87,True
SKU-2104,CH-WEB,LOJA-WEB,148,True
SKU-2104,CH-APP,LOJA-01,195,True
SKU-2104,CH-APP,LOJA-02,83,True
SKU-2104,CH-APP,LOJA-03,49,True
SKU-2104,CH-FISICO,LOJA-01,97,True
SKU-2104,CH-FISICO,LOJA-02,128,True
SKU-2104,CH-FISICO,LOJA-03,33,True
SKU-2104,CH-FISICO,LOJA-04,119,True
SKU-2104,CH-FISICO,LOJA-05,187,True
SKU-2104,CH-TELEVENDAS,LOJA-TELEVENDAS,20,True
SKU-2105,CH-WEB,LOJA-WEB,74,True
SKU-2105,CH-APP,LOJA-01,43,True
SKU-2105,CH-APP,LOJA-02,148,True
SKU-2105,CH-APP,LOJA-03,115,True
SKU-2105,CH-FISICO,LOJA-01,86,True
SKU-2105,CH-FISICO,LOJA-02,155,True
SKU-2105,CH-FISICO,LOJA-03,99,True
SKU-2105,CH-FISICO,LOJA-04,168,True
SKU-2105,CH-FISICO,LOJA-05,188,True
SKU-2105,CH-TELEVENDAS,LOJA-TELEVENDAS,82,True
SKU-2106,CH-WEB,LOJA-WEB,148,True
SKU-2106,CH-APP,LOJA-01,187,True
SKU-2106,CH-APP,LOJA-02,106,True
SKU-2106,CH-APP,LOJA-03,190,True
SKU-2106,CH-FISICO,LOJA-01,94,True
SKU-2106,CH-FISICO,LOJA-02,114,True
SKU-2106,CH-FISICO,LOJA-03,65,True
SKU-2106,CH-FISICO,LOJA-04,110,True
SKU-2106,CH-FISICO,LOJA-05,157,True
SKU-2106,CH-TELEVENDAS,LOJA-TELEVENDAS,89,True
SKU-2107,CH-WEB,LOJA-WEB,93,True
SKU-2107,CH-APP,LOJA-01,169,True
SKU-2107,CH-APP,LOJA-02,57,True
SKU-2107,CH-APP,LOJA-03,141,True
SKU-2107,CH-FISICO,LOJA-01,180,True
SKU-2107,CH-FISICO,LOJA-02,144,True
SKU-2107,CH-FISICO,LOJA-03,69,True
SKU-2107,CH-FISICO,LOJA-04,13,True
SKU-2107,CH-FISICO,LOJA-05,13,True
SKU-2107,CH-TELEVENDAS,LOJA-TELEVENDAS,171,True
SKU-2108,CH-WEB,LOJA-WEB,121,True
SKU-2108,CH-APP,LOJA-01,32,True
SKU-2108,CH-APP,LOJA-02,35,True
SKU-2108,CH-APP,LOJA-03,122,True
SKU-2108,CH-FISICO,LOJA-01,166,True
SKU-2108,CH-FISICO,LOJA-02,100,True
SKU-2108,CH-FISICO,LOJA-03,48,True
SKU-2108,CH-FISICO,LOJA-04,74,True
SKU-2108,CH-FISICO,LOJA-05,195,True
SKU-2108,CH-TELEVENDAS,LOJA-TELEVENDAS,126,True
SKU-2109,CH-WEB,LOJA-WEB,89,True
SKU-2109,CH-APP,LOJA-01,179,True
SKU-2109,CH-APP,LOJA-02,179,True
SKU-2109,CH-APP,LOJA-03,193,True
SKU-2109,CH-FISICO,LOJA-01,187,True
SKU-2109,CH-FISICO,LOJA-02,46,True
SKU-2109,CH-FISICO,LOJA-03,35,True
SKU-2109,CH-FISICO,LOJA-04,152,True
SKU-2109,CH-FISICO,LOJA-05,98,True
SKU-2109,CH-TELEVENDAS,LOJA-TELEVENDAS,7,True
SKU-2110,CH-WEB,LOJA-WEB,37,True
SKU-2110,CH-APP,LOJA-01,126,True
SKU-2110,CH-APP,LOJA-02,134,True
SKU-2110,CH-APP,LOJA-03,169,True
SKU-2110,CH-FISICO,LOJA-01,13,True
SKU-2110,CH-FISICO,LOJA-02,21,True
SKU-2110,CH-FISICO,LOJA-03,190,True
SKU-2110,CH-FISICO,LOJA-04,58,True
SKU-2110,CH-FISICO,LOJA-05,60,True
SKU-2110,CH-TELEVENDAS,LOJA-TELEVENDAS,130,True
SKU-2111,CH-WEB,LOJA-WEB,198,True
SKU-2111,CH-APP,LOJA-01,42,True
SKU-2111,CH-APP,LOJA-02,35,True
SKU-2111,CH-APP,LOJA-03,166,True
SKU-2111,CH-FISICO,LOJA-01,58,True
SKU-2111,CH-FISICO,LOJA-02,141,True
SKU-2111,CH-FISICO,LOJA-03,1,True
SKU-2111,CH-FISICO,LOJA-04,88,True
SKU-2111,CH-FISICO,LOJA-05,130,True
SKU-2111,CH-TELEVENDAS,LOJA-TELEVENDAS,129,True
SKU-2112,CH-WEB,LOJA-WEB,121,True
SKU-2112,CH-APP,LOJA-01,128,True
SKU-2112,CH-APP,LOJA-02,82,True
SKU-2112,CH-APP,LOJA-03,178,True
SKU-2112,CH-FISICO,LOJA-01,166,True
SKU-2112,CH-FISICO,LOJA-02,138,True
SKU-2112,CH-FISICO,LOJA-03,140,True
SKU-2112,CH-FISICO,LOJA-04,52,True
SKU-2112,CH-FISICO,LOJA-05,153,True
SKU-2112,CH-TELEVENDAS,LOJA-TELEVENDAS,189,True
SKU-2113,CH-WEB,LOJA-WEB,54,True
SKU-2113,CH-APP,LOJA-01,115,True
SKU-2113,CH-APP,LOJA-02,54,True
SKU-2113,CH-APP,LOJA-03,145,True
SKU-2113,CH-FISICO,LOJA-01,141,True
SKU-2113,CH-FISICO,LOJA-02,7,True
SKU-2113,CH-FISICO,LOJA-03,138,True
SKU-2113,CH-FISICO,LOJA-04,176,True
SKU-2113,CH-FISICO,LOJA-05,76,True
SKU-2113,CH-TELEVENDAS,LOJA-TELEVENDAS,172,True
SKU-2114,CH-WEB,LOJA-WEB,192,True
SKU-2114,CH-APP,LOJA-01,197,True
SKU-2114,CH-APP,LOJA-02,57,True
SKU-2114,CH-APP,LOJA-03,169,True
SKU-2114,CH-FISICO,LOJA-01,183,True
SKU-2114,CH-FISICO,LOJA-02,119,True
SKU-2114,CH-FISICO,LOJA-03,165,True
SKU-2114,CH-FISICO,LOJA-04,85,True
SKU-2114,CH-FISICO,LOJA-05,114,True
SKU-2114,CH-TELEVENDAS,LOJA-TELEVENDAS,27,True
SKU-2115,CH-WEB,LOJA-WEB,141,True
SKU-2115,CH-APP,LOJA-01,45,True
SKU-2115,CH-APP,LOJA-02,63,True
SKU-2115,CH-APP,LOJA-03,29,True
SKU-2115,CH-FISICO,LOJA-01,149,True
SKU-2115,CH-FISICO,LOJA-02,127,True
SKU-2115,CH-FISICO,LOJA-03,132,True
SKU-2115,CH-FISICO,LOJA-04,54,True
SKU-2115,CH-FISICO,LOJA-05,155,True
SKU-2115,CH-TELEVENDAS,LOJA-TELEVENDAS,15,True
SKU-2116,CH-WEB,LOJA-WEB,125,True
SKU-2116,CH-APP,LOJA-01,170,True
SKU-2116,CH-APP,LOJA-02,1,True
SKU-2116,CH-APP,LOJA-03,93,True
SKU-2116,CH-FISICO,LOJA-01,55,True
SKU-2116,CH-FISICO,LOJA-02,93,True
SKU-2116,CH-FISICO,LOJA-03,68,True
SKU-2116,CH-FISICO,LOJA-04,176,True
SKU-2116,CH-FISICO,LOJA-05,29,True
SKU-2116,CH-TELEVENDAS,LOJA-TELEVENDAS,183,True
SKU-2117,CH-WEB,LOJA-WEB,113,True
SKU-2117,CH-APP,LOJA-01,138,True
SKU-2117,CH-APP,LOJA-02,142,True
SKU-2117,CH-APP,LOJA-03,107,True
SKU-2117,CH-FISICO,LOJA-01,97,True
SKU-2117,CH-FISICO,LOJA-02,79,True
SKU-2117,CH-FISICO,LOJA-03,27,True
SKU-2117,CH-FISICO,LOJA-04,159,True
SKU-2117,CH-FISICO,LOJA-05,36,True
SKU-2117,CH-TELEVENDAS,LOJA-TELEVENDAS,117,True
SKU-2118,CH-WEB,LOJA-WEB,98,True
SKU-2118,CH-APP,LOJA-01,98,True
SKU-2118,CH-APP,LOJA-02,61,True
SKU-2118,CH-APP,LOJA-03,200,True
SKU-2118,CH-FISICO,LOJA-01,19,True
SKU-2118,CH-FISICO,LOJA-02,41,True
SKU-2118,CH-FISICO,LOJA-03,23,True
SKU-2118,CH-FISICO,LOJA-04,122,True
SKU-2118,CH-FISICO,LOJA-05,85,True
SKU-2118,CH-TELEVENDAS,LOJA-TELEVENDAS,51,True
SKU-2119,CH-WEB,LOJA-WEB,78,True
SKU-2119,CH-APP,LOJA-01,131,True
SKU-2119,CH-APP,LOJA-02,67,True
SKU-2119,CH-APP,LOJA-03,81,True
SKU-2119,CH-FISICO,LOJA-01,80,True
SKU-2119,CH-FISICO,LOJA-02,1,True
SKU-2119,CH-FISICO,LOJA-03,133,True
SKU-2119,CH-FISICO,LOJA-04,176,True
SKU-2119,CH-FISICO,LOJA-05,76,True
SKU-2119,CH-TELEVENDAS,LOJA-TELEVENDAS,137,True
SKU-2120,CH-WEB,LOJA-WEB,194,True
SKU-2120,CH-APP,LOJA-01,85,True
SKU-2120,CH-APP,LOJA-02,88,True
SKU-2120,CH-APP,LOJA-03,67,True
SKU-2120,CH-FISICO,LOJA-01,65,True
SKU-2120,CH-FISICO,LOJA-02,119,True
SKU-2120,CH-FISICO,LOJA-03,131,True
SKU-2120,CH-FISICO,LOJA-04,116,True
SKU-2120,CH-FISICO,LOJA-05,26,True
SKU-2120,CH-TELEVENDAS,LOJA-TELEVENDAS,3,True
SKU-2121,CH-WEB,LOJA-WEB,147,True
SKU-2121,CH-APP,LOJA-01,181,True
SKU-2121,CH-APP,LOJA-02,111,True
SKU-2121,CH-APP,LOJA-03,116,True
SKU-2121,CH-FISICO,LOJA-01,23,True
SKU-2121,CH-FISICO,LOJA-02,108,True
SKU-2121,CH-FISICO,LOJA-03,126,True
SKU-2121,CH-FISICO,LOJA-04,162,True
SKU-2121,CH-FISICO,LOJA-05,171,True
SKU-2121,CH-TELEVENDAS,LOJA-TELEVENDAS,118,True
SKU-2122,CH-WEB,LOJA-WEB,141,True
SKU-2122,CH-APP,LOJA-01,104,True
SKU-2122,CH-APP,LOJA-02,62,True
SKU-2122,CH-APP,LOJA-03,130,True
SKU-2122,CH-FISICO,LOJA-01,120,True
SKU-2122,CH-FISICO,LOJA-02,116,True
SKU-2122,CH-FISICO,LOJA-03,66,True
SKU-2122,CH-FISICO,LOJA-04,172,True
SKU-2122,CH-FISICO,LOJA-05,191,True
SKU-2122,CH-TELEVENDAS,LOJA-TELEVENDAS,148,True
SKU-2123,CH-WEB,LOJA-WEB,32,True
SKU-2123,CH-APP,LOJA-01,162,True
SKU-2123,CH-APP,LOJA-02,88,True
SKU-2123,CH-APP,LOJA-03,26,True
SKU-2123,CH-FISICO,LOJA-01,32,True
SKU-2123,CH-FISICO,LOJA-02,104,True
SKU-2123,CH-FISICO,LOJA-03,99,True
SKU-2123,CH-FISICO,LOJA-04,167,True
SKU-2123,CH-FISICO,LOJA-05,89,True
SKU-2123,CH-TELEVENDAS,LOJA-TELEVENDAS,181,True
SKU-2124,CH-WEB,LOJA-WEB,157,True
SKU-2124,CH-APP,LOJA-01,10,True
SKU-2124,CH-APP,LOJA-02,190,True
SKU-2124,CH-APP,LOJA-03,53,True
SKU-2124,CH-FISICO,LOJA-01,142,True
SKU-2124,CH-FISICO,LOJA-02,37,True
SKU-2124,CH-FISICO,LOJA-03,31,True
SKU-2124,CH-FISICO,LOJA-04,170,True
SKU-2124,CH-FISICO,LOJA-05,148,True
SKU-2124,CH-TELEVENDAS,LOJA-TELEVENDAS,85,True
SKU-2125,CH-WEB,LOJA-WEB,59,True
SKU-2125,CH-APP,LOJA-01,114,True
SKU-2125,CH-APP,LOJA-02,106,True
SKU-2125,CH-APP,LOJA-03,93,True
SKU-2125,CH-FISICO,LOJA-01,46,True
SKU-2125,CH-FISICO,LOJA-02,35,True
SKU-2125,CH-FISICO,LOJA-03,40,True
SKU-2125,CH-FISICO,LOJA-04,87,True
SKU-2125,CH-FISICO,LOJA-05,32,True
SKU-2125,CH-TELEVENDAS,LOJA-TELEVENDAS,137,True
SKU-2126,CH-WEB,LOJA-WEB,34,True
SKU-2126,CH-APP,LOJA-01,108,True
SKU-2126,CH-APP,LOJA-02,30,True
SKU-2126,CH-APP,LOJA-03,61,True
SKU-2126,CH-FISICO,LOJA-01,50,True
SKU-2126,CH-FISICO,LOJA-02,70,True
SKU-2126,CH-FISICO,LOJA-03,144,True
SKU-2126,CH-FISICO,LOJA-04,181,True
SKU-2126,CH-FISICO,LOJA-05,26,True
SKU-2126,CH-TELEVENDAS,LOJA-TELEVENDAS,80,True
SKU-2127,CH-WEB,LOJA-WEB,11,True
SKU-2127,CH-APP,LOJA-01,104,True
SKU-2127,CH-APP,LOJA-02,121,True
SKU-2127,CH-APP,LOJA-03,14,True
SKU-2127,CH-FISICO,LOJA-01,197,True
SKU-2127,CH-FISICO,LOJA-02,170,True
SKU-2127,CH-FISICO,LOJA-03,103,True
SKU-2127,CH-FISICO,LOJA-04,184,True
SKU-2127,CH-FISICO,LOJA-05,180,True
SKU-2127,CH-TELEVENDAS,LOJA-TELEVENDAS,112,True
SKU-2128,CH-WEB,LOJA-WEB,17,True
SKU-2128,CH-APP,LOJA-01,167,True
SKU-2128,CH-APP,LOJA-02,136,True
SKU-2128,CH-APP,LOJA-03,126,True
SKU-2128,CH-FISICO,LOJA-01,39,True
SKU-2128,CH-FISICO,LOJA-02,80,True
SKU-2128,CH-FISICO,LOJA-03,192,True
SKU-2128,CH-FISICO,LOJA-04,170,True
SKU-2128,CH-FISICO,LOJA-05,156,True
SKU-2128,CH-TELEVENDAS,LOJA-TELEVENDAS,133,True
SKU-2129,CH-WEB,LOJA-WEB,111,True
SKU-2129,CH-APP,LOJA-01,176,True
SKU-2129,CH-APP,LOJA-02,186,True
SKU-2129,CH-APP,LOJA-03,64,True
SKU-2129,CH-FISICO,LOJA-01,55,True
SKU-2129,CH-FISICO,LOJA-02,193,True
SKU-2129,CH-FISICO,LOJA-03,48,True
SKU-2129,CH-FISICO,LOJA-04,143,True
SKU-2129,CH-FISICO,LOJA-05,33,True
SKU-2129,CH-TELEVENDAS,LOJA-TELEVENDAS,177,True
SKU-2130,CH-WEB,LOJA-WEB,124,True
SKU-2130,CH-APP,LOJA-01,17,True
SKU-2130,CH-APP,LOJA-02,79,True
SKU-2130,CH-APP,LOJA-03,164,True
SKU-2130,CH-FISICO,LOJA-01,28,True
SKU-2130,CH-FISICO,LOJA-02,155,True
SKU-2130,CH-FISICO,LOJA-03,164,True
SKU-2130,CH-FISICO,LOJA-04,28,True
SKU-2130,CH-FISICO,LOJA-05,197,True
SKU-2130,CH-TELEVENDAS,LOJA-TELEVENDAS,37,True
SKU-2131,CH-WEB,LOJA-WEB,72,True
SKU-2131,CH-APP,LOJA-01,120,True
SKU-2131,CH-APP,LOJA-02,104,True
SKU-2131,CH-APP,LOJA-03,185,True
SKU-2131,CH-FISICO,LOJA-01,35,True
SKU-2131,CH-FISICO,LOJA-02,84,True
SKU-2131,CH-FISICO,LOJA-03,7,True
SKU-2131,CH-FISICO,LOJA-04,159,True
SKU-2131,CH-FISICO,LOJA-05,163,True
SKU-2131,CH-TELEVENDAS,LOJA-TELEVENDAS,108,True
SKU-2132,CH-WEB,LOJA-WEB,41,True
SKU-2132,CH-APP,LOJA-01,151,True
SKU-2132,CH-APP,LOJA-02,87,True
SKU-2132,CH-APP,LOJA-03,190,True
SKU-2132,CH-FISICO,LOJA-01,144,True
SKU-2132,CH-FISICO,LOJA-02,92,True
SKU-2132,CH-FISICO,LOJA-03,13,True
SKU-2132,CH-FISICO,LOJA-04,193,True
SKU-2132,CH-FISICO,LOJA-05,28,True
SKU-2132,CH-TELEVENDAS,LOJA-TELEVENDAS,163,True
SKU-2133,CH-WEB,LOJA-WEB,57,True
SKU-2133,CH-APP,LOJA-01,80,True
SKU-2133,CH-APP,LOJA-02,45,True
SKU-2133,CH-APP,LOJA-03,110,True
SKU-2133,CH-FISICO,LOJA-01,131,True
SKU-2133,CH-FISICO,LOJA-02,192,True
SKU-2133,CH-FISICO,LOJA-03,122,True
SKU-2133,CH-FISICO,LOJA-04,180,True
SKU-2133,CH-FISICO,LOJA-05,177,True
SKU-2133,CH-TELEVENDAS,LOJA-TELEVENDAS,155,True
SKU-2134,CH-WEB,LOJA-WEB,196,True
SKU-2134,CH-APP,LOJA-01,47,True
SKU-2134,CH-APP,LOJA-02,35,True
SKU-2134,CH-APP,LOJA-03,189,True
SKU-2134,CH-FISICO,LOJA-01,132,True
SKU-2134,CH-FISICO,LOJA-02,122,True
SKU-2134,CH-FISICO,LOJA-03,19,True
SKU-2134,CH-FISICO,LOJA-04,84,True
SKU-2134,CH-FISICO,LOJA-05,82,True
SKU-2134,CH-TELEVENDAS,LOJA-TELEVENDAS,102,True
SKU-2135,CH-WEB,LOJA-WEB,19,True
SKU-2135,CH-APP,LOJA-01,18,True
SKU-2135,CH-APP,LOJA-02,106,True
SKU-2135,CH-APP,LOJA-03,188,True
SKU-2135,CH-FISICO,LOJA-01,80,True
SKU-2135,CH-FISICO,LOJA-02,155,True
SKU-2135,CH-FISICO,LOJA-03,74,True
SKU-2135,CH-FISICO,LOJA-04,102,True
SKU-2135,CH-FISICO,LOJA-05,71,True
SKU-2135,CH-TELEVENDAS,LOJA-TELEVENDAS,126,True
SKU-2136,CH-WEB,LOJA-WEB,143,True
SKU-2136,CH-APP,LOJA-01,182,True
SKU-2136,CH-APP,LOJA-02,145,True
SKU-2136,CH-APP,LOJA-03,125,True
SKU-2136,CH-FISICO,LOJA-01,3,True
SKU-2136,CH-FISICO,LOJA-02,162,True
SKU-2136,CH-FISICO,LOJA-03,15,True
SKU-2136,CH-FISICO,LOJA-04,163,True
SKU-2136,CH-FISICO,LOJA-05,197,True
SKU-2136,CH-TELEVENDAS,LOJA-TELEVENDAS,65,True
SKU-2137,CH-WEB,LOJA-WEB,57,True
SKU-2137,CH-APP,LOJA-01,154,True
SKU-2137,CH-APP,LOJA-02,47,True
SKU-2137,CH-APP,LOJA-03,119,True
SKU-2137,CH-FISICO,LOJA-01,165,True
SKU-2137,CH-FISICO,LOJA-02,72,True
SKU-2137,CH-FISICO,LOJA-03,108,True
SKU-2137,CH-FISICO,LOJA-04,115,True
SKU-2137,CH-FISICO,LOJA-05,54,True
SKU-2137,CH-TELEVENDAS,LOJA-TELEVENDAS,168,True
SKU-2138,CH-WEB,LOJA-WEB,67,True
SKU-2138,CH-APP,LOJA-01,45,True
SKU-2138,CH-APP,LOJA-02,193,True
SKU-2138,CH-APP,LOJA-03,42,True
SKU-2138,CH-FISICO,LOJA-01,93,True
SKU-2138,CH-FISICO,LOJA-02,94,True
SKU-2138,CH-FISICO,LOJA-03,92,True
SKU-2138,CH-FISICO,LOJA-04,134,True
SKU-2138,CH-FISICO,LOJA-05,70,True
SKU-2138,CH-TELEVENDAS,LOJA-TELEVENDAS,61,True
SKU-2139,CH-WEB,LOJA-WEB,128,True
SKU-2139,CH-APP,LOJA-01,19,True
SKU-2139,CH-APP,LOJA-02,185,True
SKU-2139,CH-APP,LOJA-03,9,True
SKU-2139,CH-FISICO,LOJA-01,17,True
SKU-2139,CH-FISICO,LOJA-02,131,True
SKU-2139,CH-FISICO,LOJA-03,158,True
SKU-2139,CH-FISICO,LOJA-04,1,True
SKU-2139,CH-FISICO,LOJA-05,100,True
SKU-2139,CH-TELEVENDAS,LOJA-TELEVENDAS,112,True
SKU-2140,CH-WEB,LOJA-WEB,107,True
SKU-2140,CH-APP,LOJA-01,109,True
SKU-2140,CH-APP,LOJA-02,111,True
SKU-2140,CH-APP,LOJA-03,189,True
SKU-2140,CH-FISICO,LOJA-01,164,True
SKU-2140,CH-FISICO,LOJA-02,186,True
SKU-2140,CH-FISICO,LOJA-03,125,True
SKU-2140,CH-FISICO,LOJA-04,34,True
SKU-2140,CH-FISICO,LOJA-05,139,True
SKU-2140,CH-TELEVENDAS,LOJA-TELEVENDAS,74,True
SKU-2141,CH-WEB,LOJA-WEB,112,True
SKU-2141,CH-APP,LOJA-01,171,True
SKU-2141,CH-APP,LOJA-02,74,True
SKU-2141,CH-APP,LOJA-03,10,True
SKU-2141,CH-FISICO,LOJA-01,127,True
SKU-2141,CH-FISICO,LOJA-02,29,True
SKU-2141,CH-FISICO,LOJA-03,34,True
SKU-2141,CH-FISICO,LOJA-04,79,True
SKU-2141,CH-FISICO,LOJA-05,132,True
SKU-2141,CH-TELEVENDAS,LOJA-TELEVENDAS,51,True
SKU-2142,CH-WEB,LOJA-WEB,60,True
SKU-2142,CH-APP,LOJA-01,194,True
SKU-2142,CH-APP,LOJA-02,192,True
SKU-2142,CH-APP,LOJA-03,79,True
SKU-2142,CH-FISICO,LOJA-01,51,True
SKU-2142,CH-FISICO,LOJA-02,55,True
SKU-2142,CH-FISICO,LOJA-03,155,True
SKU-2142,CH-FISICO,LOJA-04,156,True
SKU-2142,CH-FISICO,LOJA-05,10,True
SKU-2142,CH-TELEVENDAS,LOJA-TELEVENDAS,124,True
SKU-2143,CH-WEB,LOJA-WEB,190,True
SKU-2143,CH-APP,LOJA-01,84,True
SKU-2143,CH-APP,LOJA-02,16,True
SKU-2143,CH-APP,LOJA-03,142,True
SKU-2143,CH-FISICO,LOJA-01,48,True
SKU-2143,CH-FISICO,LOJA-02,72,True
SKU-2143,CH-FISICO,LOJA-03,185,True
SKU-2143,CH-FISICO,LOJA-04,120,True
SKU-2143,CH-FISICO,LOJA-05,0,False
SKU-2143,CH-TELEVENDAS,LOJA-TELEVENDAS,145,True
SKU-2144,CH-WEB,LOJA-WEB,99,True
SKU-2144,CH-APP,LOJA-01,80,True
SKU-2144,CH-APP,LOJA-02,29,True
SKU-2144,CH-APP,LOJA-03,150,True
SKU-2144,CH-FISICO,LOJA-01,126,True
SKU-2144,CH-FISICO,LOJA-02,14,True
SKU-2144,CH-FISICO,LOJA-03,181,True
SKU-2144,CH-FISICO,LOJA-04,46,True
SKU-2144,CH-FISICO,LOJA-05,157,True
SKU-2144,CH-TELEVENDAS,LOJA-TELEVENDAS,76,True
SKU-2145,CH-WEB,LOJA-WEB,77,True
SKU-2145,CH-APP,LOJA-01,89,True
SKU-2145,CH-APP,LOJA-02,16,True
SKU-2145,CH-APP,LOJA-03,46,True
SKU-2145,CH-FISICO,LOJA-01,165,True
SKU-2145,CH-FISICO,LOJA-02,139,True
SKU-2145,CH-FISICO,LOJA-03,141,True
SKU-2145,CH-FISICO,LOJA-04,112,True
SKU-2145,CH-FISICO,LOJA-05,22,True
SKU-2145,CH-TELEVENDAS,LOJA-TELEVENDAS,52,True
SKU-2146,CH-WEB,LOJA-WEB,167,True
SKU-2146,CH-APP,LOJA-01,132,True
SKU-2146,CH-APP,LOJA-02,187,True
SKU-2146,CH-APP,LOJA-03,100,True
SKU-2146,CH-FISICO,LOJA-01,84,True
SKU-2146,CH-FISICO,LOJA-02,8,True
SKU-2146,CH-FISICO,LOJA-03,139,True
SKU-2146,CH-FISICO,LOJA-04,164,True
SKU-2146,CH-FISICO,LOJA-05,163,True
SKU-2146,CH-TELEVENDAS,LOJA-TELEVENDAS,170,True
SKU-2147,CH-WEB,LOJA-WEB,70,True
SKU-2147,CH-APP,LOJA-01,155,True
SKU-2147,CH-APP,LOJA-02,140,True
SKU-2147,CH-APP,LOJA-03,64,True
SKU-2147,CH-FISICO,LOJA-01,46,True
SKU-2147,CH-FISICO,LOJA-02,13,True
SKU-2147,CH-FISICO,LOJA-03,53,True
SKU-2147,CH-FISICO,LOJA-04,177,True
SKU-2147,CH-FISICO,LOJA-05,50,True
SKU-2147,CH-TELEVENDAS,LOJA-TELEVENDAS,197,True
SKU-2148,CH-WEB,LOJA-WEB,42,True
SKU-2148,CH-APP,LOJA-01,85,True
SKU-2148,CH-APP,LOJA-02,25,True
SKU-2148,CH-APP,LOJA-03,171,True
SKU-2148,CH-FISICO,LOJA-01,134,True
SKU-2148,CH-FISICO,LOJA-02,87,True
SKU-2148,CH-FISICO,LOJA-03,22,True
SKU-2148,CH-FISICO,LOJA-04,9,True
SKU-2148,CH-FISICO,LOJA-05,80,True
SKU-2148,CH-TELEVENDAS,LOJA-TELEVENDAS,146,True
SKU-2149,CH-WEB,LOJA-WEB,3,True
SKU-2149,CH-APP,LOJA-01,124,True
SKU-2149,CH-APP,LOJA-02,8,True
SKU-2149,CH-APP,LOJA-03,199,True
SKU-2149,CH-FISICO,LOJA-01,149,True
SKU-2149,CH-FISICO,LOJA-02,134,True
SKU-2149,CH-FISICO,LOJA-03,200,True
SKU-2149,CH-FISICO,LOJA-04,74,True
SKU-2149,CH-FISICO,LOJA-05,173,True
SKU-2149,CH-TELEVENDAS,LOJA-TELEVENDAS,16,True
